

CREATE TABLE `dnt_admin_menu` (
  `id` int(11) NOT NULL AUTO_INCREMENT,
  `vendor_id` int(11) NOT NULL,
  `type` varchar(30) NOT NULL,
  `included` varchar(300) NOT NULL,
  `ico` varchar(100) NOT NULL,
  `order` int(11) NOT NULL,
  `name` varchar(300) NOT NULL,
  `name_url` varchar(300) NOT NULL,
  `name_url_sub` varchar(300) NOT NULL,
  `show` int(11) NOT NULL DEFAULT '1',
  `parent_id` int(11) NOT NULL DEFAULT '0',
  PRIMARY KEY (`id`)
) ENGINE=InnoDB AUTO_INCREMENT=594 DEFAULT CHARSET=utf8;


INSERT INTO dnt_admin_menu VALUES
("566","1","menu",""," fa-gears","20","Nastavenia","settings","settings","1","0"),
("567","1","menu","post","fa-laptop","30","Obsah","content","content&incuded=post","1","0"),
("568","1","submenu","","fa-plus","1","Pridať post","content","content&add","1","0"),
("569","1","submenu","","","6","Bleskovky","content&filter=bleskovky","content","1","0"),
("570","1","menu","","fa-user","40","Prístupy","access","access","1","0"),
("571","1","submenu","","","5","Články","content","content&filter=articles","1","0"),
("572","1","submenu","","","3","Stránky","content","content&filter=pages","1","0"),
("573","1","menu","","fa fa-home","10","Domov","home","","1","0"),
("574","1","menu","","","70","Faktúry","faktura","","0","0"),
("575","1","menu","","fa-envelope","80","Mailer","mailer","mailer","1","0"),
("576","1","submenu","","","5","Všetky prístupy","pristupy","pristupy","1","0"),
("577","1","submenu","","fa-plus","0","Pridať prístup","pristupy","pristupy&pridat","1","0"),
("578","1","submenu","","","4","Podstránky","content","content&filter=pages-sub","1","0"),
("579","1","submenu","","fa-plus","2","Pridať podstránku","content","content&add=pages-sub","1","0"),
("580","1","submenu","","","7","Statický obsah","content","content&filter=static","1","0"),
("582","1","submenu","","","7","Sponzori","content","content&filter=sponzori","1","0"),
("583","1","submenu","","","8","Partneri","content","content&filter=partneri","1","0"),
("584","1","menu","","fa-user","23","Multylanguage","multylanguage","","1","0"),
("585","1","submenu","","","23","Aktívne jazyky","multylanguage","multylanguage&add","1","0"),
("586","1","submenu","","","22","Zoznam prekladov","multylanguage","multylanguage&action=translates","1","0"),
("587","1","menu","sitemap"," fa-gears","30","Sitemap","content","content&incuded=sitemap","1","0"),
("588","1","menu","article","fa-laptop","30","Články","content","content&incuded=article","1","0"),
("589","1","menu","","fa-user","23","Kvízy","polls","polls","1","0"),
("590","1","submenu","","","23","Pridať kvíz","polls","polls&action=add_poll","1","0"),
("591","1","submenu","","","23","Zoznam kvízov","polls","polls","1","0"),
("592","1","menu",""," fa-gears","20","Súbory","files","files","1","0");




CREATE TABLE `dnt_api` (
  `id` int(11) NOT NULL AUTO_INCREMENT,
  `vendor_id` int(11) NOT NULL,
  `name` varchar(300) NOT NULL,
  `name_url` varchar(300) NOT NULL,
  `query` varchar(300) NOT NULL,
  `parent_id` int(11) NOT NULL,
  PRIMARY KEY (`id`)
) ENGINE=InnoDB AUTO_INCREMENT=1030 DEFAULT CHARSET=utf8;


INSERT INTO dnt_api VALUES
("1028","1","Test Query","JajsZ5s4","SELECT * FROM dnt_post_type LIMIT 3","0"),
("1029","1","Test Query","JajsZ5s4","SELECT * FROM dnt_post_type LIMIT 3","0");




CREATE TABLE `dnt_config` (
  `id` int(11) NOT NULL AUTO_INCREMENT,
  `vendor_id` int(11) NOT NULL,
  `key` varchar(1000) NOT NULL,
  `value` varchar(1000) NOT NULL,
  PRIMARY KEY (`id`)
) ENGINE=InnoDB AUTO_INCREMENT=27 DEFAULT CHARSET=utf8;


INSERT INTO dnt_config VALUES
("25","1","default_lang","sk"),
("26","1","default_modul","homepage");




CREATE TABLE `dnt_languages` (
  `id` int(11) NOT NULL AUTO_INCREMENT,
  `vendor_id` int(11) NOT NULL,
  `slug` varchar(300) NOT NULL,
  `name` varchar(300) NOT NULL,
  `home_lang` int(11) NOT NULL DEFAULT '0',
  `show` int(11) NOT NULL,
  `img` varchar(300) NOT NULL,
  `parent_id` int(11) NOT NULL,
  PRIMARY KEY (`id`)
) ENGINE=InnoDB AUTO_INCREMENT=52 DEFAULT CHARSET=utf8;


INSERT INTO dnt_languages VALUES
("49","1","sk","Slovenský","1","1","flag_sk.jpg","0"),
("50","1","en","English","0","1","flag_en.jpg","0"),
("51","1","de","German\n","0","1","flag_de.jpg","0");




CREATE TABLE `dnt_logs` (
  `id` int(11) NOT NULL AUTO_INCREMENT,
  `http_response` varchar(300) NOT NULL,
  `system_status` varchar(300) NOT NULL,
  `log_id` varchar(300) NOT NULL,
  `timestamp` timestamp NOT NULL DEFAULT CURRENT_TIMESTAMP ON UPDATE CURRENT_TIMESTAMP,
  `vendor_id` varchar(300) NOT NULL,
  `msg` varchar(1000) NOT NULL,
  `err_msg` text NOT NULL,
  `THIS_URL` varchar(1000) NOT NULL,
  `HTTP_HOST` varchar(300) NOT NULL,
  `HTTP_CONNECTION` varchar(300) NOT NULL,
  `HTTP_USER_AGENT` varchar(300) NOT NULL,
  `HTTP_ACCEPT` varchar(300) NOT NULL,
  `HTTP_REFERER` varchar(300) NOT NULL,
  `HTTP_ACCEPT_ENCODING` varchar(300) NOT NULL,
  `HTTP_ACCEPT_LANGUAGE` varchar(300) NOT NULL,
  `HTTP_ACCEPT_CHARSET` varchar(300) NOT NULL,
  `HTTP_COOKIE` varchar(300) NOT NULL,
  `PATH` varchar(300) NOT NULL,
  `SystemRoot` varchar(300) NOT NULL,
  `COMSPEC` varchar(300) NOT NULL,
  `PATHEXT` varchar(300) NOT NULL,
  `WINDIR` varchar(300) NOT NULL,
  `SERVER_SIGNATURE` varchar(300) NOT NULL,
  `SERVER_SOFTWARE` varchar(300) NOT NULL,
  `SERVER_NAME` varchar(300) NOT NULL,
  `SERVER_ADDR` varchar(300) NOT NULL,
  `SERVER_PORT` varchar(300) NOT NULL,
  `REMOTE_ADDR` varchar(300) NOT NULL,
  `DOCUMENT_ROOT` varchar(300) NOT NULL,
  `SERVER_ADMIN` varchar(300) NOT NULL,
  `SCRIPT_FILENAME` varchar(300) NOT NULL,
  `REMOTE_PORT` varchar(300) NOT NULL,
  `GATEWAY_INTERFACE` varchar(300) NOT NULL,
  `SERVER_PROTOCOL` varchar(300) NOT NULL,
  `REQUEST_METHOD` varchar(300) NOT NULL,
  `GET` varchar(300) NOT NULL,
  `QUERY_STRING` varchar(300) NOT NULL,
  `REQUEST_URI` varchar(300) NOT NULL,
  `SCRIPT_NAME` varchar(300) NOT NULL,
  `PHP_SELF` varchar(300) NOT NULL,
  `REQUEST_TIME` varchar(300) NOT NULL,
  `parent_id` int(11) NOT NULL DEFAULT '0',
  PRIMARY KEY (`id`)
) ENGINE=InnoDB AUTO_INCREMENT=8496 DEFAULT CHARSET=utf8;


INSERT INTO dnt_logs VALUES
("1","200","log","","2017-04-09 10:15:19","1","Default Log","","http://localhost/dnt3/","localhost","keep-alive","Mozilla/5.0 (Windows NT 6.1; WOW64) AppleWebKit/537.36 (KHTML, like Gecko) Chrome/55.0.2883.87 Safari/537.36","text/html,application/xhtml+xml,application/xml;q=0.9,image/webp,*/*;q=0.8","","gzip, deflate, sdch, br","sk-SK,sk;q=0.8,cs;q=0.6,en-US;q=0.4,en;q=0.2","","","C:Program Files (x86)NVIDIA CorporationPhysXCommon;C:Windowssystem32;C:Windows;C:WindowsSystem32Wbem;C:WindowsSystem32WindowsPowerShellv1.0;C:Program Files (x86)ATI TechnologiesATI.ACECore-Static;C:Program FilesWIDCOMMBluetooth Software;C:Program FilesWIDCOMMBluetooth Softwaresyswow64;C:Program File","C:Windows","C:Windowssystem32cmd.exe",".COM;.EXE;.BAT;.CMD;.VBS;.VBE;.JS;.JSE;.WSF;.WSH;.MSC","C:Windows","<address>Apache/2.4.7 (Win32) OpenSSL/1.0.1e PHP/5.5.9 Server at localhost Port 80</address>\n","Apache/2.4.7 (Win32) OpenSSL/1.0.1e PHP/5.5.9","localhost","::1","80","::1","C:/xampp/htdocs","postmaster@localhost","C:/xampp/htdocs/dnt3/index.php","62361","CGI/1.1","HTTP/1.1","GET","","","/dnt3/","/dnt3/index.php","/dnt3/index.php","1483865562","0");




CREATE TABLE `dnt_mailer_mails` (
  `id` int(11) NOT NULL AUTO_INCREMENT,
  `vendor_id` int(11) NOT NULL,
  `name` varchar(300) NOT NULL,
  `surname` varchar(300) NOT NULL,
  `cat_id` varchar(300) CHARACTER SET armscii8 NOT NULL,
  `email` varchar(300) NOT NULL,
  `datetime_creat` datetime NOT NULL,
  `datetime_update` datetime NOT NULL,
  `parent_id` int(11) NOT NULL DEFAULT '0',
  PRIMARY KEY (`id`)
) ENGINE=MyISAM AUTO_INCREMENT=26 DEFAULT CHARSET=utf8;






CREATE TABLE `dnt_mailer_type` (
  `id` int(11) NOT NULL AUTO_INCREMENT,
  `vendor_id` int(11) NOT NULL,
  `cat_id` varchar(300) NOT NULL,
  `name_url` varchar(300) NOT NULL,
  `name` varchar(300) NOT NULL,
  `show` int(11) NOT NULL,
  `order` int(11) NOT NULL,
  `parent_id` int(11) NOT NULL DEFAULT '0',
  PRIMARY KEY (`id`)
) ENGINE=InnoDB AUTO_INCREMENT=47 DEFAULT CHARSET=utf8;






CREATE TABLE `dnt_polls` (
  `id` int(11) NOT NULL AUTO_INCREMENT,
  `vendor_id` int(11) NOT NULL,
  `name` varchar(300) NOT NULL,
  `name_url` varchar(300) NOT NULL,
  `img` varchar(300) NOT NULL,
  `content` text NOT NULL,
  `type` int(11) NOT NULL,
  `count_questions` int(11) NOT NULL,
  `datetime_creat` datetime NOT NULL,
  `datetime_update` datetime NOT NULL,
  `datetime_publish` datetime NOT NULL,
  `show` int(11) NOT NULL,
  `parent_id` int(11) NOT NULL DEFAULT '0',
  PRIMARY KEY (`id`)
) ENGINE=InnoDB AUTO_INCREMENT=11 DEFAULT CHARSET=utf8;


INSERT INTO dnt_polls VALUES
("1","1","Objektovo orientované programovanie","objektovo-orientovane-programovanie","739","<p>OOP dok&aacute;že mnoho ľud&iacute; spoľahlivo odradiť hneď na začiatku v&yacute;razmi ako dedičnosť, polymorfizmus, zapuzdrenie, abstrakcia a in&yacute;mi veľmi m&uacute;dro znej&uacute;cimi slovami. My v&aacute;m norm&aacute;lnou ľudskou rečou veľmi r&yacute;chlo uk&aacute;žeme, že sa za t&yacute;m neskr&yacute;va skutočne nič zložit&eacute;.</p>\n","1","4","2017-02-04 10:50:17","2017-02-04 10:50:17","2017-02-04 10:50:17","1","0"),
("9","1","Na ktorého obľúbeného Markízaka sa ponášate?","na-ktoreho-oblubeneho-markizaka-sa-ponasate","740","<p><span style=\"font-family:roboto,sans-serif,tahoma; font-size:15px\">Pripravili sme pre v&aacute;s hor&uacute;cu novinku - origin&aacute;lne interakt&iacute;vne kv&iacute;zy z na&scaron;ej dieľne.</span><strong>Telev&iacute;zia Mark&iacute;za&nbsp;</strong><span style=\"font-family:roboto,sans-serif,tahoma; font-size:15px\">je s&uacute;časťou v&aacute;&scaron;ho života už dvadsať rokov. Pozn&aacute;te jej moder&aacute;torov a redaktorov? Na ktor&eacute;ho z nich sa pon&aacute;&scaron;ate? Urobte si kv&iacute;z.&nbsp;&nbsp;</span></p>\n","2","5","2017-02-05 10:49:07","2017-02-05 10:49:07","2017-02-05 10:49:07","1","0");




CREATE TABLE `dnt_polls_composer` (
  `id` int(11) NOT NULL AUTO_INCREMENT,
  `poll_id` int(11) NOT NULL,
  `question_id` int(11) NOT NULL,
  `description` text NOT NULL,
  `key` varchar(300) NOT NULL,
  `value` text NOT NULL,
  `img` varchar(300) NOT NULL,
  `is_correct` int(11) NOT NULL,
  `points` int(11) NOT NULL,
  `order` int(11) NOT NULL,
  `show` int(11) NOT NULL,
  `vendor_id` int(11) NOT NULL,
  PRIMARY KEY (`id`)
) ENGINE=InnoDB AUTO_INCREMENT=300 DEFAULT CHARSET=utf8;


INSERT INTO dnt_polls_composer VALUES
("1","1","0","","winning_combination","","","0","0","5","0","1"),
("2","1","0","","winning_combination","","","0","0","5","0","1"),
("3","1","0","","winning_combination","","","0","0","5","0","1"),
("4","1","1","","question","Na čo slúžia výnimky (exceptions) ?","","0","0","5","0","1"),
("5","1","1","","ans"," na iné","","0","0","0","0","1"),
("6","1","1","","ans","Pre prehľadnosť kódu","","0","0","5","0","1"),
("7","1","1","","ans","na ošetrenie chýb","","1","0","0","0","1"),
("8","1","1","","ans","na zmenu vykonávania","","0","0","0","0","1"),
("9","1","2","","question","Kde nie je možné použiť kľúčové slovo this?","","0","0","4","0","1"),
("10","1","2","","ans","pri preťažených konštruktoroch","","0","0","0","0","1"),
("11","1","2","","ans","v konštruktore","","0","0","0","0","1"),
("12","1","2","","ans","v metódach","","0","0","0","0","1"),
("13","1","2","","ans","v statických metódach","","1","0","0","0","1"),
("14","1","3","","question","Premenná, ktorej predchádza kľúčové slovo private je dostupná","","0","0","3","0","1"),
("15","1","3","","ans"," len v rámci triedy","","1","0","0","0","1"),
("16","1","3","","ans"," v hociktorej triede","","0","0","0","0","1"),
("17","1","3","","ans"," len pri vytváraní","","0","0","0","0","1"),
("18","1","3","","ans","len v rámci hierarchie tried","","0","0","0","0","1"),
("19","1","4","","question","Objekt v OOP predstavuje","","0","0","2","0","1"),
("20","1","4","","ans","inštanciu rozhrania","","0","0","0","0","1"),
("21","1","4","","ans"," triedu","","0","0","0","0","1"),
("22","1","4","","ans","inštanciu triedy","","1","0","0","0","1"),
("23","1","4","","ans","inštanciu triedy alebo rozhrania","","0","0","0","0","1"),
("24","1","5","","question","Ktoré prvky sa dajú volať bez vytvorenia objektu?","","0","0","1","0","1"),
("25","1","5","","ans","nestatické metódy","","0","0","0","0","1"),
("26","1","5","","ans","funkcie","","0","0","0","0","1"),
("27","1","5","","ans"," statické metódy","","1","0","0","0","1"),
("28","1","5","","ans"," všetky metódy","","0","0","0","0","1"),
("29","1","6","","question","Kedy sa volá deštruktor triedy?","","0","0","0","0","1"),
("30","1","6","","ans","pri zániku triedy","","0","0","0","0","1"),
("31","1","6","","ans"," pri inicializácii objektu","","0","0","0","0","1"),
("32","1","6","","ans"," pri inicializácii triedy","","0","0","0","0","1"),
("33","1","6","","ans"," žiadna správna odpoveď","","1","0","0","0","1"),
("34","1","7","","question","Ktoré prvky obsahuje trieda?","","0","0","0","0","1"),
("35","1","7","","ans"," premenné","","0","0","0","0","1"),
("36","1","7","","ans"," funkcie a premenné","","0","0","0","0","1"),
("37","1","7","","ans"," metódy a premenné","","1","0","0","0","1"),
("38","1","7","","ans","konštruktor a deštruktor","","0","0","0","0","1"),
("39","1","8","","question","Prístup protected je vhodné použiť pri prvkoch, ku ktorým chceme pristupovať","","0","0","0","0","1"),
("40","1","8","","ans"," v odvodených triedach","","1","0","0","0","1"),
("41","1","8","","ans"," v danej triede","","0","0","0","0","1"),
("42","1","8","","ans"," len so zabezpečenými objektami","","0","0","0","0","1"),
("43","1","8","","ans"," len so zabezpečeným prístupom","","0","0","0","0","1"),
("257","9","0","Ste štýlová osobnosť , ktorá má vo veciach jasno. Úspešne ste naštartovali svoju kariéru, ktorú zvládate rovnocenne kombinovať s rodinou. Hlučné večierky a masy ľudí nie sú nič pre vás, prednosť dávate rodinnému krbu, aj keď na to nevyzeráte. Na verejnosti sa totiž vždy objavíte dokonalo zladený a hýrite šarmom. Presne ako moderátorka Televíznych novín \n    <b>Zlatica Puškárová\n    </b>. ","winning_combination"," Zlatica Puškárová","741","0","4","5","0","1"),
("258","9","0","Akcia, pohyb, výzva! To je váš svet, v ktorom sa cítite ako ryba vo vode. V kancelárii by ste neobsedeli, musíte neustále niečo robiť. Šplhať sa na vrcholky hôr, brodiť sa rozbúrenou riekou či bicyklovať desiatky kilometrov. Život je pre vás výzva a vy máte výzvy rád. Hodené rukavice prijímate a keď je toho na vás veľa, hlavu si prečistíte v prírode. Napríklad jazdou na koni ako redaktor \n    <b>Ján Tribula\n    </b>.","winning_combination"," Ján Tribula","742","0","8","5","0","1"),
("259","9","0","Váš život je šport, aktivita a zdravý životný štýl. Snažíte sa však aj o súlad s duchom a preto sa neustále rozvíjate. Učíte sa cudzie jazyky, čítate a ste schopný zariadiť množstvo vecí. Pôsobíte nenápadne, nerád na seba strhávate pozornosť. V spoločnosti priateľov sa však meníte na parketového leva. Presne ako športový redaktor \n    <b>Peter Varinský\n    </b>.","winning_combination"," Peter Varinský","743","0","12","5","0","1"),
("260","9","1","","question","Kráčate po ulici a zrazu vidíte sanitky, policajtov, masu ľudí a počujete krik. Čo urobíte?","","0","0","5","0","1"),
("261","9","1","","ans","Okamžite utekám priamo tam, musím vedieť čo sa stalo.","","0","1","0","0","1"),
("262","9","1","","ans","Všetko poctivo zdokumentujem a nezabudnem na selfie.","","0","2","0","0","1"),
("263","9","1","","ans","Zbystrím pozornosť, no zostávam v úzadí.","","0","3","0","0","1"),
("264","9","1","","ans","Bežím na miesto činu bez rozmyslenia, túžim priložiť ruku k dielu a upokojiť situáciu.","","0","4","0","0","1"),
("265","9","1","","ans","Opatrne sa tam priblížim, možno niekto bude potrebovať pomoc.","","0","5","0","0","1"),
("266","9","2","","question","Je leto, teplo, slnko a voda láka. Kde sa vidíte počas prázdnin?","","0","0","4","0","1"),
("267","9","2","","ans","Na skvelej dovolenke all inclusive s rodinou","","0","1","0","0","1"),
("268","9","2","","ans","Niekde v Slovenskom raji, ideálne blízko pri koníkoch","","0","2","0","0","1"),
("269","9","2","","ans","Skoro ráno hodina tenisu a podvečer si zaplávam","","0","3","0","0","1"),
("270","9","2","","ans","Nebudem zaháľať – zorganizujem akciu pre ľudí v núdzi","","0","4","0","0","1"),
("271","9","2","","ans","V nejakej novej destinácii, napríklad na Islande","","0","5","0","0","1"),
("272","9","3","","question","Aký je váš obľúbený styling?","","0","0","3","0","1"),
("273","9","3","","ans","Šik šaty, v ktorých vyzerám top","","0","1","0","0","1"),
("274","9","3","","ans","Športový štýl doplnený o štýlovú bundu","","0","2","0","0","1"),
("275","9","3","","ans","Kombinácia športovej elegancie","","0","3","0","0","1"),
("276","9","3","","ans","Vyžehlená prúžkovaná košeľa s nenápadnými nohavicami ZVOĽ","","0","4","0","0","1"),
("277","9","3","","ans","Hlavne pohodlne – džínsy, tričko a tenisky","","0","5","0","0","1"),
("278","9","4","","question","Čo si vždy rád pozriete v televízii?","","0","0","2","0","1"),
("279","9","4","","ans","Dobrou politickou debatou","","0","1","0","0","1"),
("280","9","4","","ans","Dokument z ríše zvierat","","0","2","0","0","1"),
("281","9","4","","ans","Akčný basketbalový zápas","","0","3","0","0","1"),
("282","9","4","","ans","Akýkoľvek film je pre mňa relaxom","","0","4","0","0","1"),
("283","9","4","","ans","Zmysluplný program s reálnymi príbehmi","","0","5","0","0","1"),
("284","9","5","","question","Po čom siahnete v reštaurácií?","","0","0","1","0","1"),
("285","9","5","","ans","Zvolím vyváženú kombináciu živín a chutí, nepotrebujem sa prepchávať.","","0","1","0","0","1"),
("286","9","5","","ans","Dobré slovenské recepty sú mi vždy po chuti.","","0","2","0","0","1"),
("287","9","5","","ans","Po niečom, čo spĺňa zásady zdravého stravovania.","","0","3","0","0","1"),
("288","9","5","","ans","Po rezni, omáčkach, knedlíkoch. Milujem dobré jedlo.","","0","4","0","0","1"),
("289","9","5","","ans","Vyberiem si jedlo bez mäsa, z presvedčenia.","","0","5","0","0","1"),
("290","9","0","Máte veľké srdce a neustále myslíte na druhých. Preto často zabúdate na seba a na svoj život. Obetujete sa pre dobro veci a najradšej by ste vyriešili každý problém. Robíte zbierky, zúčastňujete sa na benefičných akciách a teší vás každý úsmev blížneho v núdzi. Na svojom chrbte máte naložených akosi priveľa povinností, no vy to zvládate v dobrej nálade. Tak ako moderátor \n    <b>Patrik Herman\n    </b>. ","winning_combination","Patrik Herman","744","0","16","0","0","1"),
("291","9","0",">Ste príjemná osoba so srdcom na správnom mieste. Neúnavne veríte v dobro a každý dotyk s krutou realitou vás nepríjemne zaskočí. Všímate sa prírodu, životné prostredie a s ťažkosťou znášate nespravodlivosť okolo nás. Za jemnou fasádou sa však skrýva bojovník, ktorý si nenechá len tak ľahko skákať po hlave. Taká je aj moderátorka \n    <b>Janka Hospodárová\n    </b>.","winning_combination","Janka Hospodárová","745","0","20","0","0","1");




CREATE TABLE `dnt_post_type` (
  `id` int(11) NOT NULL AUTO_INCREMENT,
  `cat_id` int(11) NOT NULL,
  `sub_cat_id` int(11) NOT NULL,
  `name_url` varchar(300) NOT NULL,
  `admin_cat` varchar(300) NOT NULL,
  `name` varchar(300) NOT NULL,
  `show` int(11) NOT NULL,
  `order` int(11) NOT NULL,
  `vendor_id` int(11) NOT NULL,
  `parent_id` int(11) NOT NULL DEFAULT '0',
  PRIMARY KEY (`id`)
) ENGINE=InnoDB AUTO_INCREMENT=305 DEFAULT CHARSET=utf8;


INSERT INTO dnt_post_type VALUES
("290","1","0","sitemap","sitemap","Stránky","1","0","1","0"),
("291","1","0","sitemap-sub","sitemap","Podstránky","1","0","1","0"),
("292","1","0","article","sitemap","Články","1","0","1","0"),
("293","3","0","newsletter","post","Newslettre","1","0","1","0"),
("294","2","0","domace","article","Domáce","1","0","1","0"),
("303","3","0","sliders","post","Sliders","1","0","1","0"),
("304","3","0","texty-na-homepage","post","Texty na homepage","1","0","1","0");




CREATE TABLE `dnt_posts` (
  `id` int(11) NOT NULL AUTO_INCREMENT,
  `sub_cat_id` varchar(100) NOT NULL,
  `cat_id` varchar(100) NOT NULL,
  `type` varchar(300) NOT NULL,
  `name` varchar(300) NOT NULL,
  `name_url` text NOT NULL,
  `position` int(11) NOT NULL,
  `priority` int(11) NOT NULL,
  `img` varchar(300) NOT NULL,
  `datetime_creat` datetime NOT NULL,
  `datetime_update` datetime NOT NULL,
  `datetime_publish` datetime NOT NULL,
  `microtime` bigint(20) NOT NULL,
  `perex` text NOT NULL,
  `content` longtext NOT NULL,
  `tags` varchar(3000) NOT NULL,
  `embed` text NOT NULL,
  `custom` text NOT NULL,
  `prilohy` text NOT NULL,
  `order` int(11) NOT NULL,
  `show` int(11) NOT NULL DEFAULT '1',
  `search` varchar(1000) NOT NULL,
  `protected` int(11) NOT NULL DEFAULT '0',
  `vendor_id` int(11) NOT NULL,
  `parent_id` int(11) NOT NULL DEFAULT '0',
  PRIMARY KEY (`id`)
) ENGINE=InnoDB AUTO_INCREMENT=13355 DEFAULT CHARSET=utf8;


INSERT INTO dnt_posts VALUES
("13289","","290","sitemap","Domov","domov","0","0","","2017-03-06 17:47:59","2017-04-06 10:39:48","2017-03-06 17:47:00","0","","","","","","","3","1","","0","1","0"),
("13349","","290","sitemap","O nás","o-nas","0","0","","2017-04-06 10:40:47","2017-04-06 10:41:49","2017-04-06 10:40:00","0","","","","","","","2","1","","0","1","0"),
("13350","","303","post","HP slider 1","hp-slider-1","0","0","734","2017-04-06 10:48:57","2017-04-06 10:54:15","2017-04-06 10:48:00","0","","","","","","","0","1","","0","1","0"),
("13351","","303","post","HP slider 2","hp-slider-2","0","0","736","2017-04-06 10:54:30","2017-04-06 10:54:44","2017-04-06 10:54:00","0","","","","","","","0","1","","0","1","0"),
("13352","","303","post","HP slider 3","hp-slider-3","0","0","737","2017-04-06 10:54:55","2017-04-06 10:55:08","2017-04-06 10:54:00","0","","","","","","","0","1","","0","1","0"),
("13353","","304","post","Základný text","zakladny-text","0","0","","2017-04-06 10:57:05","2017-04-06 10:57:39","2017-04-06 10:57:00","0","<p>Z&aacute;kladn&yacute; text</p>\n","<p>Z&aacute;kladn&yacute; text</p>\n","","","","","0","0","","0","1","0"),
("13354","","290","sitemap","Kvízy","kvizy","0","0","","2017-04-09 09:45:42","2017-04-09 09:46:09","2017-04-09 09:45:00","0","","","","","","","1","1","","0","1","0");




CREATE TABLE `dnt_posts_meta` (
  `id` int(11) NOT NULL AUTO_INCREMENT,
  `vendor_id` int(11) NOT NULL,
  `key` varchar(300) NOT NULL,
  `value` text NOT NULL,
  PRIMARY KEY (`id`)
) ENGINE=InnoDB DEFAULT CHARSET=utf8;






CREATE TABLE `dnt_settings` (
  `id` int(11) NOT NULL AUTO_INCREMENT,
  `key` varchar(300) NOT NULL,
  `value` varchar(300) NOT NULL,
  `vendor_id` int(11) NOT NULL,
  PRIMARY KEY (`id`)
) ENGINE=MyISAM AUTO_INCREMENT=1315 DEFAULT CHARSET=utf8;


INSERT INTO dnt_settings VALUES
("1314","description","Designdnt corporation","1"),
("1313","google_map","https://www.google.sk/maps/@48.2091661,17.0034239,13z?hl=sk","1"),
("1311","default_lang","","1"),
("1312","default_stat_user","","1"),
("1310","no_comment","no_comment.png","1"),
("1309","no_img","259","1"),
("1308","logo_firmy","733","1"),
("1307","vendor_currency_nazov","Eur","1"),
("1306","platca_dph","1","1"),
("1305","instagram","https://instagram.com/dnt-system/","1"),
("1304","facebook","https://www.facebook.com","1"),
("1303","vendor_currency","€","1"),
("1300","vendor_dic","","1"),
("1301","vendor_iban","","1"),
("1302","vendor_dph","20","1"),
("1299","vendor_ico","","1"),
("1295","vendor_city","","1"),
("1296","vendor_tel","","1"),
("1297","vendor_fax","","1"),
("1298","vendor_email","info@query.sk","1"),
("1294","vendor_psc","","1"),
("1291","blokvane_ip","","1"),
("1292","vendor_street","","1"),
("1293","vendor_company","Skeleton","1"),
("1290","notifikacny_email","thomas.doubek@gmail.com","1"),
("1289","sirka_fotky_sponzori_modul","200","1"),
("1287","web","","1"),
("1288","google_plus","https://plus.google.com/","1"),
("1286","linked_in","https://www.linkedin.com/","1"),
("1285","flickr","https://www.flickr.com/","1"),
("1284","youtube","https://www.youtube.com/","1"),
("1283","twitter","https://twitter.com/","1"),
("1282","facebook_page","https://www.facebook.com/osmosbratislava","1"),
("1280","startovaci_modul","","1"),
("1281","target","","1"),
("1276","title","Skeletón","1"),
("1277","keywords","skeleton, dnt3, designdnt, application","1"),
("1278","cachovanie","1","1"),
("1279","server","http://prvedentalnecentrum.sk/","1");




CREATE TABLE `dnt_translates` (
  `id` int(11) NOT NULL AUTO_INCREMENT,
  `vendor_id` int(11) NOT NULL,
  `lang_id` varchar(100) NOT NULL,
  `translate_id` varchar(300) NOT NULL,
  `type` varchar(300) NOT NULL,
  `table` varchar(300) NOT NULL,
  `translate` text NOT NULL,
  `show` int(11) NOT NULL DEFAULT '1',
  `parent_id` int(11) DEFAULT '0',
  PRIMARY KEY (`id`)
) ENGINE=InnoDB AUTO_INCREMENT=77703 DEFAULT CHARSET=utf8;


INSERT INTO dnt_translates VALUES
("75433","1","sk","home","static","","Domov","1","0"),
("75434","1","en","home","static","","Home","1","0"),
("75435","1","sk","home","static","","Domov","1","0"),
("75436","1","en","home","static","","Home","1","0"),
("75437","1","en","4589","name","dnt_posts","About us","1","0"),
("75438","1","en","4592","name","dnt_posts","About us 2","1","0"),
("75439","1","en","8972","name","dnt_posts","Test Article","1","0"),
("75440","1","en","8972","name_url","dnt_posts","test-article","1","0"),
("75441","1","en","8972","perex","dnt_posts","<p>I must explain to you how all this mistaken idea of denouncing pleasure and praising pain was born and I will give you a complete account</p>\n","1","0"),
("75442","1","en","8972","content","dnt_posts","<p>I must explain to you how all this mistaken idea of denouncing pleasure and praising pain was born and I will give you a complete account</p>\n","1","0"),
("75443","1","en","8972","tags","dnt_posts","car,test","1","0"),
("75444","1","de","8972","name","dnt_posts","Ta test","1","0"),
("75445","1","de","8972","name_url","dnt_posts","ta-test","1","0"),
("75446","1","de","8972","perex","dnt_posts","<p>I must explain to you how all this mistaken idea of denouncing pleasure and praising pain was born and I will give you a complete account</p>\n","1","0"),
("75447","1","de","8972","content","dnt_posts","<p>I must explain to you how all this mistaken idea of denouncing pleasure and praising pain was born and I will give you a complete account</p>\n","1","0"),
("75448","1","de","8972","tags","dnt_posts","das auto, das test","1","0"),
("75449","1","en","10498","name","dnt_posts","","1","0"),
("75450","1","en","10498","name_url","dnt_posts","","1","0"),
("75451","1","en","10498","perex","dnt_posts","","1","0"),
("75452","1","en","10498","content","dnt_posts","","1","0"),
("75453","1","en","10498","tags","dnt_posts","","1","0"),
("75454","1","de","10498","name","dnt_posts","","1","0"),
("75455","1","de","10498","name_url","dnt_posts","","1","0"),
("75456","1","de","10498","perex","dnt_posts","","1","0"),
("75457","1","de","10498","content","dnt_posts","","1","0"),
("75458","1","de","10498","tags","dnt_posts","","1","0"),
("75459","1","en","13064","name","dnt_posts","","1","0"),
("75460","1","en","13064","name_url","dnt_posts","","1","0"),
("75461","1","en","13064","perex","dnt_posts","","1","0"),
("75462","1","en","13064","content","dnt_posts","","1","0"),
("75463","1","en","13064","tags","dnt_posts","","1","0"),
("75464","1","de","13064","name","dnt_posts","","1","0"),
("75465","1","de","13064","name_url","dnt_posts","","1","0"),
("75466","1","de","13064","perex","dnt_posts","","1","0"),
("75467","1","de","13064","content","dnt_posts","","1","0"),
("75468","1","de","13064","tags","dnt_posts","","1","0"),
("75469","1","en","13065","name","dnt_posts","cfhfghg","1","0"),
("75470","1","en","13065","name_url","dnt_posts","","1","0"),
("75471","1","en","13065","perex","dnt_posts","","1","0"),
("75472","1","en","13065","content","dnt_posts","","1","0"),
("75473","1","en","13065","tags","dnt_posts","","1","0"),
("75474","1","de","13065","name","dnt_posts","","1","0"),
("75475","1","de","13065","name_url","dnt_posts","","1","0"),
("75476","1","de","13065","perex","dnt_posts","","1","0"),
("75477","1","de","13065","content","dnt_posts","","1","0"),
("75478","1","de","13065","tags","dnt_posts","","1","0"),
("75479","1","en","13066","name","dnt_posts","","1","0"),
("75480","1","en","13066","name_url","dnt_posts","","1","0"),
("75481","1","en","13066","perex","dnt_posts","","1","0"),
("75482","1","en","13066","content","dnt_posts","","1","0"),
("75483","1","en","13066","tags","dnt_posts","","1","0"),
("75484","1","de","13066","name","dnt_posts","","1","0"),
("75485","1","de","13066","name_url","dnt_posts","","1","0"),
("75486","1","de","13066","perex","dnt_posts","","1","0"),
("75487","1","de","13066","content","dnt_posts","","1","0"),
("75488","1","de","13066","tags","dnt_posts","","1","0"),
("75489","1","en","13063","name","dnt_posts","","1","0"),
("75490","1","en","13063","name_url","dnt_posts","","1","0"),
("75491","1","en","13063","perex","dnt_posts","","1","0"),
("75492","1","en","13063","content","dnt_posts","","1","0"),
("75493","1","en","13063","tags","dnt_posts","","1","0"),
("75494","1","de","13063","name","dnt_posts","","1","0"),
("75495","1","de","13063","name_url","dnt_posts","","1","0"),
("75496","1","de","13063","perex","dnt_posts","","1","0"),
("75497","1","de","13063","content","dnt_posts","","1","0"),
("75498","1","de","13063","tags","dnt_posts","","1","0"),
("75499","1","en","13067","name","dnt_posts","Tooling & Molding<br/> ","1","0"),
("75500","1","en","13067","name_url","dnt_posts","","1","0"),
("75501","1","en","13067","perex","dnt_posts","<p>In 2016 we decided to expand the scope of the company in Bytča, we opened a new technology center for the production and treatment of injection molds for plastics.</p>\n","1","0"),
("75502","1","en","13067","content","dnt_posts","","1","0"),
("75503","1","en","13067","tags","dnt_posts","","1","0"),
("75504","1","de","13067","name","dnt_posts","Werkzeug- und Vorrichtungsbau","1","0"),
("75505","1","de","13067","name_url","dnt_posts","","1","0"),
("75506","1","de","13067","perex","dnt_posts","<p>Dieser Beitrag hat keine Vorschau Artikel, weil ihr Inhalt ist wahrscheinlich von multymedi&aacute;lneho Inhalt bestehen. Bitte klicken um mehr zu lesen und Sie k&ouml;nnen den gew&auml;hlten Inhalt zu sehen.</p>\n","1","0"),
("75507","1","de","13067","content","dnt_posts","","1","0"),
("75508","1","de","13067","tags","dnt_posts","","1","0"),
("75509","1","en","13068","name","dnt_posts","","1","0"),
("75510","1","en","13068","name_url","dnt_posts","","1","0"),
("75511","1","en","13068","perex","dnt_posts","","1","0"),
("75512","1","en","13068","content","dnt_posts","","1","0"),
("75513","1","en","13068","tags","dnt_posts","","1","0"),
("75514","1","de","13068","name","dnt_posts","","1","0"),
("75515","1","de","13068","name_url","dnt_posts","","1","0"),
("75516","1","de","13068","perex","dnt_posts","","1","0"),
("75517","1","de","13068","content","dnt_posts","","1","0"),
("75518","1","de","13068","tags","dnt_posts","","1","0"),
("75519","1","en","13069","name","dnt_posts","Research & Development<br/> ","1","0"),
("75520","1","en","13069","name_url","dnt_posts","","1","0"),
("75521","1","en","13069","perex","dnt_posts","<p>Today s full-time startups and new technologies have increasingly higher demands on the functionality and efficiency of the solutions available on the market.</p>\n","1","0"),
("75522","1","en","13069","content","dnt_posts","","1","0"),
("75523","1","en","13069","tags","dnt_posts","","1","0"),
("75524","1","de","13069","name","dnt_posts","Forschung und Entwicklung","1","0"),
("75525","1","de","13069","name_url","dnt_posts","","1","0"),
("75526","1","de","13069","perex","dnt_posts","<p>Die heutige Vollzeit Start-ups und neue Technologien haben immer h&ouml;here Anforderungen an die Funktionalit&auml;t und Effizienz der verf&uuml;gbaren L&ouml;sungen auf dem Markt.</p>\n","1","0"),
("75527","1","de","13069","content","dnt_posts","","1","0"),
("75528","1","de","13069","tags","dnt_posts","","1","0"),
("75529","1","en","13071","name","dnt_posts","Research & Development","1","0"),
("75530","1","en","13071","name_url","dnt_posts","","1","0"),
("75531","1","en","13071","perex","dnt_posts","<p>We are constantly looking for better solutions...</p>\n","1","0"),
("75532","1","en","13071","content","dnt_posts","","1","0");
INSERT INTO dnt_translates VALUES
("75533","1","en","13071","tags","dnt_posts","","1","0"),
("75534","1","de","13071","name","dnt_posts","Forschung und Entwicklung","1","0"),
("75535","1","de","13071","name_url","dnt_posts","","1","0"),
("75536","1","de","13071","perex","dnt_posts","<p>Wir sind st&auml;ndig auf der Suche nach besseren L&ouml;sungen...</p>\n","1","0"),
("75537","1","de","13071","content","dnt_posts","","1","0"),
("75538","1","de","13071","tags","dnt_posts","","1","0"),
("75539","1","en","13072","name","dnt_posts","PDC","1","0"),
("75540","1","en","13072","name_url","dnt_posts","","1","0"),
("75541","1","en","13072","perex","dnt_posts","<p><strong>Plan-de-Campagne</strong><span style=\"font-family:tahoma,geneva,sans-serif; font-size:15.4px\">&nbsp;</span><strong>(PdC)</strong><span style=\"font-family:tahoma,geneva,sans-serif; font-size:15.4px\">&nbsp;is&nbsp;....</span></p>\n","1","0"),
("75542","1","en","13072","content","dnt_posts","","1","0"),
("75543","1","en","13072","tags","dnt_posts","","1","0"),
("75544","1","de","13072","name","dnt_posts","PDC","1","0"),
("75545","1","de","13072","name_url","dnt_posts","","1","0"),
("75546","1","de","13072","perex","dnt_posts","","1","0"),
("75547","1","de","13072","content","dnt_posts","","1","0"),
("75548","1","de","13072","tags","dnt_posts","","1","0"),
("75549","1","en","13073","name","dnt_posts","Free production capacities","1","0"),
("75550","1","en","13073","name_url","dnt_posts","","1","0"),
("75551","1","en","13073","perex","dnt_posts","<p>Free production capacities for continuouse 5 axis milling</p>\n","1","0"),
("75552","1","en","13073","content","dnt_posts","","1","0"),
("75553","1","en","13073","tags","dnt_posts","","1","0"),
("75554","1","de","13073","name","dnt_posts","","1","0"),
("75555","1","de","13073","name_url","dnt_posts","","1","0"),
("75556","1","de","13073","perex","dnt_posts","","1","0"),
("75557","1","de","13073","content","dnt_posts","","1","0"),
("75558","1","de","13073","tags","dnt_posts","","1","0"),
("75559","1","en","header_top_vitajte_1","static","","Welcome visitor can you","1","0"),
("75560","1","en","alebo","static","","or","1","0"),
("75561","1","sk","header_top_vitajte_1","static","","Vitajte zákazník! Chcete sa","1","0"),
("75562","1","sk","alebo","static","","alebo","1","0"),
("75563","1","en","prihlasit","static","","Login to client zone","1","0"),
("75564","1","sk","prihlasit","static","","Prihlásenie do klientskej zóny","1","0"),
("75565","1","en","registrovat","static","","Create an Account","1","0"),
("75566","1","sk","registrovat","static","","Vytvoriť nový účet","1","0"),
("75567","1","en","moj_ucet","static","","My Account","1","0"),
("75568","1","sk","moj_ucet","static","","Môj účet","1","0"),
("75569","1","en","nakupny_kosik","static","","Orders List","1","0"),
("75570","1","sk","nakupny_kosik","static","","Nákupný košík","1","0"),
("75571","1","en","pridat_do_kosika","static","","+ add to cart","1","0"),
("75572","1","sk","pridat_do_kosika","static","","+ do košíka","1","0"),
("75573","1","en","zobrazit_ako","static","","View as","1","0"),
("75574","1","sk","zobrazit_ako","static","","Zobraziť ako","1","0"),
("75575","1","en","kategorie","static","","Categories","1","0"),
("75576","1","sk","kategorie","static","","Kategórie","1","0"),
("75577","1","en","zdielat","static","","+ share","1","0"),
("75578","1","sk","zdielat","static","","+ zdielať","1","0"),
("75579","1","en","prejst_na_produkt","static","","Go to the product","1","0"),
("75580","1","sk","prejst_na_produkt","static","","Prejsť na produkt","1","0"),
("75581","1","en","pridane","static","","Posted","1","0"),
("75582","1","sk","pridane","static","","Pridané","1","0"),
("75583","1","en","vysledky","static","","Results","1","0"),
("75584","1","sk","vysledky","static","","Výsledky","1","0"),
("75585","1","en","z","static","","of","1","0"),
("75586","1","sk","z","static","","z","1","0"),
("75587","1","en","stran","static","","pages","1","0"),
("75588","1","sk","stran","static","","strán","1","0"),
("75589","1","en","order_by_news","static","","Sort by latest","1","0"),
("75590","1","sk","order_by_news","static","","Zoradiť podľa najnovších","1","0"),
("75591","1","en","order_by_ship_asc","static","","Sort by cheapest","1","0"),
("75592","1","sk","order_by_ship_asc","static","","Zoradiť od najlacnejších","1","0"),
("75593","1","en","order_by_ship_desc","static","","Sort by most expensive","1","0"),
("75594","1","sk","order_by_ship_desc","static","","Zoradiť od najdrahších","1","0"),
("75595","1","en","order_by_name_a_z","static","","Sort by name (A - Z)","1","0"),
("75596","1","sk","order_by_name_a_z","static","","Podľa názvu (A - Z)","1","0"),
("75597","1","en","order_by_name_z_a","static","","Sort by name (Z - A)","1","0"),
("75598","1","sk","order_by_name_z_a","static","","Podľa názvu (Z - A)","1","0"),
("75599","1","en","vyber_znacku","static","","Choose a brand","1","0"),
("75600","1","sk","vyber_znacku","static","","Vyberte značku","1","0"),
("75601","1","en","nakupny_kosik_je_prazdny","static","","Your cart is empty!","1","0"),
("75602","1","sk","nakupny_kosik_je_prazdny","static","","Váš nákupný košík je prázdny!","1","0"),
("75603","1","en","nazov_produktu","static","","Product Image &amp; Name","1","0"),
("75604","1","sk","nazov_produktu","static","","Názov produktu a fotka","1","0"),
("75605","1","en","cena","static","","Price","1","0"),
("75606","1","sk","cena","static","","Cena","1","0"),
("75607","1","en","pocet_kusov","static","","Quantity","1","0"),
("75608","1","sk","pocet_kusov","static","","Počet kusov","1","0"),
("75609","1","en","sub_total","static","","Overal / items","1","0"),
("75610","1","sk","sub_total","static","","Spolu / počet kusov","1","0"),
("75611","1","en","vymazat","static","","Remove","1","0"),
("75612","1","sk","vymazat","static","","Vymazať","1","0"),
("75613","1","en","upravit","static","","Update","1","0"),
("75614","1","sk","upravit","static","","Upraviť","1","0"),
("75615","1","en","suma","static","","Resulting amount","1","0"),
("75616","1","sk","suma","static","","Výsledná suma","1","0"),
("75617","1","en","suma_bez_dph","static","","Amount vat","1","0"),
("75618","1","sk","suma_bez_dph","static","","Suma bez DPH","1","0"),
("75619","1","en","dan","static","","Tax","1","0"),
("75620","1","sk","dan","static","","Daň","1","0"),
("75621","1","en","dph","static","","VAT","1","0"),
("75622","1","sk","dph","static","","DPH","1","0"),
("75623","1","en","dodacie_udaje","static","","Shipping information","1","0"),
("75624","1","sk","dodacie_udaje","static","","Dodacie údaje","1","0"),
("75625","1","en","prosim_vyplnte_dodacie_udaje","static","","Please fill shipping information","1","0"),
("75626","1","sk","prosim_vyplnte_dodacie_udaje","static","","Prosím vyplnte dodacie údaje","1","0"),
("75627","1","en","meno","static","","Name","1","0"),
("75628","1","sk","meno","static","","Meno","1","0"),
("75629","1","en","priezvisko","static","","Surname","1","0"),
("75630","1","sk","priezvisko","static","","Priezvisko","1","0"),
("75631","1","en","email","static","","Email","1","0"),
("75632","1","sk","email","static","","Email","1","0");
INSERT INTO dnt_translates VALUES
("75633","1","en","tel_c","static","","Telephone number","1","0"),
("75634","1","sk","tel_c","static","","Telefónne číslo","1","0"),
("75635","1","en","ulica","static","","Street","1","0"),
("75636","1","sk","ulica","static","","Ulica","1","0"),
("75637","1","en","c_domu","static","","House number","1","0"),
("75638","1","sk","c_domu","static","","Číslo domu","1","0"),
("75639","1","en","psc","static","","Postcode","1","0"),
("75640","1","sk","psc","static","","Smerovacie číslo (PSČ)","1","0"),
("75641","1","en","sposob_platby","static","","Payment method","1","0"),
("75642","1","sk","sposob_platby","static","","Spôsob platby","1","0"),
("75643","1","en","sposob_dopravy","static","","Transport method / pickup goods","1","0"),
("75644","1","sk","sposob_dopravy","static","","Spôsob dopravy / vyzdvihnutie tovaru","1","0"),
("75645","1","en","poznamka","static","","Note","1","0"),
("75646","1","sk","poznamka","static","","Poznámka","1","0"),
("75647","1","en","pole_je_volitelne","static","","The field is optional","1","0"),
("75648","1","sk","pole_je_volitelne","static","","Toto pole je voliteľné","1","0"),
("75649","1","en","pole_je_povinne","static","","The field is required","1","0"),
("75650","1","sk","pole_je_povinne","static","","Toto pole je povinné","1","0"),
("75651","1","en","mesto","static","","City","1","0"),
("75652","1","sk","mesto","static","","Mesto","1","0"),
("75653","1","en","krajina","static","","Country","1","0"),
("75654","1","sk","krajina","static","","Štát","1","0"),
("75655","1","en","prosim_vyberte_si","static","","Please select","1","0"),
("75656","1","sk","prosim_vyberte_si","static","","Prosím vyberte si","1","0"),
("75657","1","en","potvrdit_objednavku","static","","Confirm order","1","0"),
("75658","1","sk","potvrdit_objednavku","static","","Potvrdiť objednávku","1","0"),
("75659","1","en","registracia","static","","Registration","1","0"),
("75660","1","sk","registracia","static","","Registrácia","1","0"),
("75661","1","en","chcem_sa_zaregistrovat","static","","I want to register for better comfort","1","0"),
("75662","1","sk","chcem_sa_zaregistrovat","static","","Chcem sa zaregistrovať a tak nakupovať z pohodlia domova","1","0"),
("75663","1","en","heslo","static","","Password","1","0"),
("75664","1","sk","heslo","static","","Heslo","1","0"),
("75665","1","en","heslo_overenie","static","dnt_translates","Copy password","1","0"),
("75666","1","sk","heslo_overenie","static","dnt_translates","Overenie hesla","1","0"),
("75667","1","en","zaregistruj_ma","static","","Register me","1","0"),
("75668","1","sk","zaregistruj_ma","static","","Zaregistruj ma","1","0"),
("75669","1","en","filter","static","","Filter","1","0"),
("75670","1","sk","filter","static","","Filter","1","0"),
("75671","1","en","rok","static","","Year","1","0"),
("75672","1","sk","rok","static","","Rok","1","0"),
("75673","1","en","galeria","static","","Gallery","1","0"),
("75674","1","sk","galeria","static","","Galéria","1","0"),
("75675","1","en","vsetky_albumy","static","","All albums","1","0"),
("75676","1","sk","vsetky_albumy","static","","Všetky albumy","1","0"),
("75677","1","en","kontakt","static","","Contact","1","0"),
("75678","1","sk","kontakt","static","","Kontakt","1","0"),
("75679","1","en","kontakt_info","static","","Contact Info","1","0"),
("75680","1","sk","kontakt_info","static","","Kontaktné informácie","1","0"),
("75681","1","en","kontaktny_formular","static","","Contact Form","1","0"),
("75682","1","sk","kontaktny_formular","static","","Kontaktný formulár","1","0"),
("75683","1","en","predmet","static","","Subject","1","0"),
("75684","1","sk","predmet","static","","Predmet","1","0"),
("75685","1","en","sprava","static","","Message","1","0"),
("75686","1","sk","sprava","static","","Správa","1","0"),
("75687","1","en","odoslat","static","","Submit","1","0"),
("75688","1","sk","odoslat","static","","Odoslať","1","0"),
("75689","1","en","pondelok","static","","Monday","1","0"),
("75690","1","sk","pondelok","static","","Pondelok","1","0"),
("75691","1","en","utorok","static","","Tuesday","1","0"),
("75692","1","sk","utorok","static","","Utorok","1","0"),
("75693","1","en","streda","static","","Wednesday","1","0"),
("75694","1","sk","streda","static","","Streda","1","0"),
("75695","1","en","stvrtok","static","","Thursday","1","0"),
("75696","1","sk","stvrtok","static","","Štvrtok","1","0"),
("75697","1","en","piatok","static","","Friday","1","0"),
("75698","1","sk","piatok","static","","Piatok","1","0"),
("75699","1","en","sobota","static","","Saturday","1","0"),
("75700","1","sk","sobota","static","","Sobota","1","0"),
("75701","1","en","nedela","static","","Sunday","1","0"),
("75702","1","sk","nedela","static","","Nedeľa","1","0"),
("75703","1","en","clanky","static","","Blog","1","0"),
("75704","1","sk","clanky","static","","Články","1","0"),
("75705","1","en","pridane","static","","Posted","1","0"),
("75706","1","sk","pridane","static","","Pridané","1","0"),
("75707","1","en","hlaska_pocet_komentarov","static","","comment(s) in this post","1","0"),
("75708","1","sk","hlaska_pocet_komentarov","static","","komentárov v tomto príspevku","1","0"),
("75709","1","en","hodnotenie_postu_hlaska","static","","Automatic post assessment","1","0"),
("75710","1","sk","hodnotenie_postu_hlaska","static","","Automatické hodnotenie príspevku","1","0"),
("75711","1","en","ziaden_obsah_k_zobrazeniu","static","","Sorry, no posts to show","1","0"),
("75712","1","sk","ziaden_obsah_k_zobrazeniu","static","","Ľutujeme, ale žiaden obsah nie je k zobrazeniu","1","0"),
("75713","1","en","citat_viac","static","","Read more","1","0"),
("75714","1","sk","citat_viac","static","","Čítať viac","1","0"),
("75715","1","en","vitajte","static","","Welcome","1","0"),
("75716","1","sk","vitajte","static","","Vitajte","1","0"),
("75717","1","en","objednavok","static","","Orders","1","0"),
("75718","1","sk","objednavok","static","","Objednávok","1","0"),
("75719","1","en","zaplatene","static","","Total paid","1","0"),
("75720","1","sk","zaplatene","static","","Spolu zaplatené","1","0"),
("75721","1","en","komentarov","static","","Comments","1","0"),
("75722","1","sk","komentarov","static","","Komentárov","1","0"),
("75723","1","en","priemerna_cena_za_nakup","static","","Average price <br/>per shopping","1","0"),
("75724","1","sk","priemerna_cena_za_nakup","static","","Priemerná cena <br/>za nákup","1","0"),
("75725","1","en","informacie","static","","Informations","1","0"),
("75726","1","sk","informacie","static","","Informácie","1","0"),
("75727","1","en","moj_profil","static","","My profile ","1","0"),
("75728","1","sk","moj_profil","static","","Môj profil","1","0"),
("75729","1","en","moje_udaje","static","","My data ","1","0"),
("75730","1","sk","moje_udaje","static","","Moje údaje","1","0"),
("75731","1","en","upravit_udaje","static","","Edit my data","1","0"),
("75732","1","sk","upravit_udaje","static","","Upraviť údaje","1","0");
INSERT INTO dnt_translates VALUES
("75733","1","en","moje_objednavky","static","","My orders","1","0"),
("75734","1","sk","moje_objednavky","static","","Moje objednávky","1","0"),
("75735","1","en","zmenit_heslo","static","","Change password","1","0"),
("75736","1","sk","zmenit_heslo","static","","Zmeniť heslo","1","0"),
("75737","1","en","nepotvrdena_objednavka","static","","Order not confirmed","1","0"),
("75738","1","sk","nepotvrdena_objednavka","static","","Objednávka nepotvrdená","1","0"),
("75739","1","en","potvrdena_objednavka","static","","Order confirmed, waiting for progress","1","0"),
("75740","1","sk","potvrdena_objednavka","static","","Objednávka potvrdená, čaká na vybavenie","1","0"),
("75741","1","en","objednavka_sa_spracuva","static","","Order in progress","1","0"),
("75742","1","sk","objednavka_sa_spracuva","static","","Objednávka sa vybavuje","1","0"),
("75743","1","en","vybavena_objednavka","static","","Order equipped","1","0"),
("75744","1","sk","vybavena_objednavka","static","","Objednávka vybavená","1","0"),
("75745","1","en","anulovana_objednavka","static","","Order canceled","1","0"),
("75746","1","sk","anulovana_objednavka","static","","Objednávka zrušená","1","0"),
("75747","1","en","odhlasit","static","","Log out","1","0"),
("75748","1","sk","odhlasit","static","","Odhlásiť sa","1","0"),
("75749","1","en","prosim_prihlaste_sa","static","","Please Log in firstly","1","0"),
("75750","1","sk","prosim_prihlaste_sa","static","","Prosím najprv sa prihláste","1","0"),
("75751","1","en","nacitam","static","","loading","1","0"),
("75752","1","sk","nacitam","static","","načítam","1","0"),
("75753","1","en","nove_heslo","static","","New password","1","0"),
("75754","1","sk","nove_heslo","static","","Nové heslo","1","0"),
("75755","1","en","nove_heslo_overenie","static","","Copy new password","1","0"),
("75756","1","sk","nove_heslo_overenie","static","","Overenie nového hesla","1","0"),
("75757","1","en","prihlaseny","static","","Logged user","1","0"),
("75758","1","sk","prihlaseny","static","","Prihlásený používateľ","1","0"),
("75759","1","en","cislo_objednavky","static","","Order Number","1","0"),
("75760","1","sk","cislo_objednavky","static","","Číslo objednávky","1","0"),
("75761","1","en","datum_objednavky","static","","Order Date","1","0"),
("75762","1","sk","datum_objednavky","static","","Dátum objednávky","1","0"),
("75763","1","en","stav_objednavky","static","","Order Status","1","0"),
("75764","1","sk","stav_objednavky","static","","Stav objednávky","1","0"),
("75765","1","en","ziadne_objednavky_na_show","static","","No Orders to show","1","0"),
("75766","1","sk","ziadne_objednavky_na_show","static","","Žiadne objednávky na show","1","0"),
("75767","1","en","zle_vyplnene_pole","static","","Wrong data in field","1","0"),
("75768","1","sk","zle_vyplnene_pole","static","","Zle vyplnené pole ","1","0"),
("75769","1","en","error_box","static","","Oops, something s wrong","1","0"),
("75770","1","sk","error_box","static","","Hups, niečo je zle","1","0"),
("75771","1","en","opravit","static","","Repair","1","0"),
("75772","1","sk","opravit","static","","Opraviť","1","0"),
("75773","1","en","prazdne_pole_hlaska","static","","Field name is probably empty","1","0"),
("75774","1","sk","prazdne_pole_hlaska","static","","Pole pravdepodobne nie je vyplnené","1","0"),
("75775","1","en","slide_show","static","","Slide show of cover photos album","1","0"),
("75776","1","sk","slide_show","static","","Prehľad titulných fotiek albumov","1","0"),
("75777","1","en","zly_tvar_emailu","static","","Wrong form of email","1","0"),
("75778","1","sk","zly_tvar_emailu","static","","Email je v nesprávnom tvare","1","0"),
("75779","1","en","email_exists","static","","This email already exists","1","0"),
("75780","1","sk","email_exists","static","","Tento email už existuje","1","0"),
("75781","1","en","heslo_kratke","static","","Password is too short","1","0"),
("75782","1","sk","heslo_kratke","static","","Heslo je príliš krátke","1","0"),
("75783","1","en","heslo_overenie_kratke","static","","Copy of password is too short","1","0"),
("75784","1","sk","heslo_overenie_kratke","static","","Overenie hesla je príliš krátke","1","0"),
("75785","1","en","hesla_sa_nezhoduju","static","","Passwords do not matcht","1","0"),
("75786","1","sk","hesla_sa_nezhoduju","static","","Heslá sa nezhodujú","1","0"),
("75787","1","en","uspesna_registracia","static","","Registration was successful","1","0"),
("75788","1","sk","uspesna_registracia","static","","Registrácia prebehla úspešne","1","0"),
("75789","1","en","gratulujeme","static","","Congratulations","1","0"),
("75790","1","sk","gratulujeme","static","","Gratulujeme","1","0"),
("75791","1","en","zlava","static","","Discount","1","0"),
("75792","1","sk","zlava","static","","Zľava","1","0"),
("75793","1","en","novinka","static","","News","1","0"),
("75794","1","sk","novinka","static","","Novinka","1","0"),
("75795","1","en","vypredaj","static","","Sale","1","0"),
("75796","1","sk","vypredaj","static","","Výpredaj","1","0"),
("75797","1","en","no_stav","static","","Not set","1","0"),
("75798","1","sk","no_stav","static","","Bez stavu 2","1","0"),
("75799","1","en","komentare","static","","Comments","1","0"),
("75800","1","sk","komentare","static","","Komentáre","1","0"),
("75801","1","en","komentar","static","","Comment","1","0"),
("75802","1","sk","komentar","static","","Komentár","1","0"),
("75803","1","en","komentarov","static","","Comments","1","0"),
("75804","1","sk","komentarov","static","","Komentárov","1","0"),
("75805","1","en","pridat_komentar","static","","Add comment","1","0"),
("75806","1","sk","pridat_komentar","static","","Pridať komentár","1","0"),
("75807","1","en","vas_komentar","static","","Your comment","1","0"),
("75808","1","sk","vas_komentar","static","","Váš komentár","1","0"),
("75809","1","en","ziadne_komentare","static","","This post has no comments","1","0"),
("75810","1","sk","ziadne_komentare","static","","Tento príspevok neobsahuje žiadne komentáre","1","0"),
("75811","1","en","ziadne_produkty","static","","No products to show","1","0"),
("75812","1","sk","ziadne_produkty","static","","Žiadne produkty k zobrazeniu","1","0"),
("75813","1","en","popis","static","","Description","1","0"),
("75814","1","sk","popis","static","","Popis","1","0"),
("75815","1","en","nazov","static","","Name","1","0"),
("75816","1","sk","nazov","static","","Názov","1","0"),
("75817","1","en","stav","static","","Status","1","0"),
("75818","1","sk","stav","static","","Stav","1","0"),
("75819","1","en","znacka","static","","Brand","1","0"),
("75820","1","sk","znacka","static","","Značka","1","0"),
("75821","1","en","pridajte_sa_facebook","static","","Join Us on Facebook","1","0"),
("75822","1","sk","pridajte_sa_facebook","static","","Pridajte sa na Facebooku","1","0"),
("75823","1","en","kontaktujte_nas_hlaska","static","","For more information please contact us","1","0"),
("75824","1","sk","kontaktujte_nas_hlaska","static","","Pre získanie viac informacii nás prosím kontaktujte","1","0"),
("75825","1","en","najnovsie_produkty","static","","News products","1","0"),
("75826","1","sk","najnovsie_produkty","static","","Najnovšie produkty","1","0"),
("75827","1","en","znacky","static","","Brands","1","0"),
("75828","1","sk","znacky","static","","Značky","1","0"),
("75829","1","en","najpredavanejsie","static","","Bestsellers","1","0"),
("75830","1","sk","najpredavanejsie","static","","Najpredávanejšie","1","0"),
("75831","1","en","produkty_v_zlave","static","","In discount","1","0"),
("75832","1","sk","produkty_v_zlave","static","","V zľave","1","0");
INSERT INTO dnt_translates VALUES
("75833","1","en","obsah_kosika","static","","Your cart","1","0"),
("75834","1","sk","obsah_kosika","static","","Váš obsah košíka","1","0"),
("75835","1","en","zobrazit_kosik","static","","View cart","1","0"),
("75836","1","sk","zobrazit_kosik","static","","Zobraziť košík","1","0"),
("75837","1","en","ziadne_produkty_kat","static","","In this category there are no products","1","0"),
("75838","1","sk","ziadne_produkty_kat","static","","V tejto kategorii nie sú žiadne produkty","1","0"),
("75839","1","en","nespravne_povodne_heslo","static","","Default password is incorrect","1","0"),
("75840","1","sk","nespravne_povodne_heslo","static","","Pôvodné heslo je nesprávne","1","0"),
("75841","1","en","uspesna_objednavka","static","","Your order has been successfully sent","1","0"),
("75842","1","sk","uspesna_objednavka","static","","Vaša objednávka bola úspešne odoslaná","1","0"),
("75843","1","en","zly_email_heslo","static","","Wrong email or password","1","0"),
("75844","1","sk","zly_email_heslo","static","","Nesprávny email, alebo heslo","1","0"),
("75845","1","en","sprava_odoslana","static","","Your message was successfully sent","1","0"),
("75846","1","sk","sprava_odoslana","static","","Vaša správa bola úspešne odoslaná","1","0"),
("75847","1","en","domov","static","","Home","1","0"),
("75848","1","sk","domov","static","","Domov","1","0"),
("75849","1","en","fail_action","static","","The requested action can not be carried out!","1","0"),
("75850","1","sk","fail_action","static","","Požadovanú akciu nie je možné vykonať!","1","0"),
("75851","1","sk","januar","static","","January","1","0"),
("75852","1","sk","januar","static","","Január","1","0"),
("75853","1","en","februar","static","","February","1","0"),
("75854","1","sk","februar","static","","Február","1","0"),
("75855","1","en","marec","static","","Marec","1","0"),
("75856","1","sk","marec","static","","Marec","1","0"),
("75857","1","en","april","static","","April","1","0"),
("75858","1","sk","april","static","","Apríl","1","0"),
("75859","1","en","maj","static","","May","1","0"),
("75860","1","sk","maj","static","","Máj","1","0"),
("75861","1","en","jun","static","","Juny","1","0"),
("75862","1","sk","jun","static","","Jún","1","0"),
("75863","1","en","jul","static","","July","1","0"),
("75864","1","sk","jul","static","","Júl","1","0"),
("75865","1","en","august","static","","August","1","0"),
("75866","1","sk","august","static","","August","1","0"),
("75867","1","en","september","static","","September","1","0"),
("75868","1","sk","september","static","","September","1","0"),
("75869","1","en","oktober","static","","October","1","0"),
("75870","1","sk","oktober","static","","Október","1","0"),
("75871","1","en","november","static","","November","1","0"),
("75872","1","sk","november","static","","November","1","0"),
("75873","1","en","december","static","","December","1","0"),
("75874","1","sk","december","static","","December","1","0"),
("75875","1","en","zobrazit","static","","View","1","0"),
("75876","1","sk","zobrazit","static","","Zobraziť","1","0"),
("75877","1","en","partneri","static","","Partners","1","0"),
("75878","1","sk","partneri","static","","Partneri","1","0"),
("75879","1","en","archiv","static","","Archive","1","0"),
("75880","1","sk","archiv","static","","Archív","1","0"),
("75881","1","en","najnovsie_komentare","static","","Recent Comments","1","0"),
("75882","1","sk","najnovsie_komentare","static","","Posledné komentáre","1","0"),
("75883","1","en","najnovsie_clanky","static","","Recent posts","1","0"),
("75884","1","sk","najnovsie_clanky","static","","Posledné články","1","0"),
("75885","1","en","main_menu","static","","Main menu","1","0"),
("75886","1","sk","main_menu","static","","Hlavné menu","1","0"),
("75887","1","en","hladat","static","","Search","1","0"),
("75888","1","sk","hladat","static","","Hľadať","1","0"),
("75889","1","en","socialne_siete","static","","Social networks","1","0"),
("75890","1","sk","socialne_siete","static","","Sociálne siete","1","0"),
("75891","1","en","poloha","static","","Location","1","0"),
("75892","1","sk","poloha","static","","Poloha","1","0"),
("75893","1","en","type","static","","typee","1","0"),
("75894","1","sk","type","static","","type","1","0"),
("75895","1","en","all","static","","All","1","0"),
("75896","1","sk","all","static","","Všetko","1","0"),
("75897","1","en","hlaska_najdi_dom","static","","Find Your Home","1","0"),
("75898","1","sk","hlaska_najdi_dom","static","","Nájdite si svoj dom","1","0"),
("75899","1","en","min_izieb","static","","Min Rooms","1","0"),
("75900","1","sk","min_izieb","static","","Min. izieb","1","0"),
("75901","1","en","min_kupelni","static","","Min Baths","1","0"),
("75902","1","sk","min_kupelni","static","","Min. kúpeľní","1","0"),
("75903","1","en","min_cena","static","","Min Price","1","0"),
("75904","1","sk","min_cena","static","","Min. cena","1","0"),
("75905","1","en","max_cena","static","","Max Price","1","0"),
("75906","1","sk","max_cena","static","","Max. cena","1","0"),
("75907","1","en","min_area","static","","Min Area","1","0"),
("75908","1","sk","min_area","static","","Min. roz.","1","0"),
("75909","1","en","max_area","static","","Max Area","1","0"),
("75910","1","sk","max_area","static","","Max roz.","1","0"),
("75911","1","en","area","static","","Area","1","0"),
("75912","1","sk","area","static","","Rozloha","1","0"),
("75913","1","en","m2","static","","Sq m","1","0"),
("75914","1","sk","m2","static","","m2","1","0"),
("75915","1","en","izieb","static","","Rooms","1","0"),
("75916","1","sk","izieb","static","","Izieb","1","0"),
("75917","1","en","kupelni","static","","Bathrooms","1","0"),
("75918","1","sk","kupelni","static","","Kúpeľní","1","0"),
("75919","1","en","tlacit","static","","Print","1","0"),
("75920","1","sk","tlacit","static","","Tlačiť","1","0"),
("75921","1","en","nazov","static","","Name","1","0"),
("75922","1","sk","nazov","static","","Meno","1","0"),
("75923","1","en","zoznam_nehnutelnosti","static","","List of properties","1","0"),
("75924","1","sk","zoznam_nehnutelnosti","static","","Zoznam nehnuteľností","1","0"),
("75925","1","en","no_content","static","","Please try using top navigation OR search for what you are looking for.","1","0"),
("75926","1","sk","no_content","static","","Ľutujeme, ale pre tento výber neexistuje žiaden obsah","1","0"),
("75927","1","en","go_back","static","","Go back","1","0"),
("75928","1","sk","go_back","static","","Naspäť","1","0"),
("75929","1","en","vybrane_nehnutelnosti","static","","Featured Properties","1","0"),
("75930","1","sk","vybrane_nehnutelnosti","static","","Vybrané nehnuteľnosti","1","0"),
("75931","1","en","najnovsie_ponuky_hlaska","static","","Latest offers property","1","0"),
("75932","1","sk","najnovsie_ponuky_hlaska","static","","Najnovšie ponuky nehnuteľností","1","0");
INSERT INTO dnt_translates VALUES
("75933","1","en","about_us_footer","static","","Our company operates in the real estate market. We offer a broad spectrum range of activities related to the negotiation of purchase, sale and rental nehnuteľností.Pre most of you, our clients, the sale, purchase, or rental property important step, which made only a few times in my life. Our real estate agents will gladly help you with the implementation of your requirements and provide complete service with our offer.","1","0"),
("75934","1","sk","about_us_footer","static","","Naša spoločnosť pôsobí v oblasti realitného trhu. Ponúkame širokospektrálny záber činností spojených so sprostredkovaním kúpy, predaja a prenájmu nehnuteľností.Pre väčšinu Vás, našich klientov je predaj, kúpa, alebo prenájom nehnuteľnosti dôležitý krok, ktorý realizujete len niekoľkokrát v živote. Naši realitní makléri Vám ochotne a radi poradia pri realizácii Vašich požiadaviek a zabezpečia kompletný servis spojený s našou ponukou.","1","0"),
("75935","1","en","about","static","","About company","1","0"),
("75936","1","sk","about","static","","O firme","1","0"),
("75937","1","en","vyberte_si_region","static","","Choose your region","1","0"),
("75938","1","sk","vyberte_si_region","static","","Vyberte si región","1","0"),
("75939","1","en","bratislavsky_kraj","static","","Region of Bratislava","1","0"),
("75940","1","sk","bratislavsky_kraj","static","","Bratislavský kraj","1","0"),
("75941","1","en","trnavsky_kraj","static","","Region of Trnava","1","0"),
("75942","1","sk","trnavsky_kraj","static","","Trnavský kraj","1","0"),
("75943","1","en","trenciansky_kraj","static","","Region of Trencin","1","0"),
("75944","1","sk","trenciansky_kraj","static","","Trenčiansky kraj","1","0"),
("75945","1","en","nitriansky_kraj","static","","Region of Nitra","1","0"),
("75946","1","sk","nitriansky_kraj","static","","Nitriansky kraj","1","0"),
("75947","1","en","zilinsky_kraj","static","","Region of Zilina","1","0"),
("75948","1","sk","zilinsky_kraj","static","","Žilinský kraj","1","0"),
("75949","1","en","banskobystricky_kraj","static","","Region of Banska Bystrica","1","0"),
("75950","1","sk","banskobystricky_kraj","static","","Bansko Bstrický kraj","1","0"),
("75951","1","en","presovsky_kraj","static","","Region of Presov","1","0"),
("75952","1","sk","presovsky_kraj","static","","Prešovský kraj","1","0"),
("75953","1","en","kosicky_kraj","static","","Region of Kosice","1","0"),
("75954","1","sk","kosicky_kraj","static","","Košický kraj","1","0"),
("75955","1","en","kategorie_clankov","static","","Caregory of blog","1","0"),
("75956","1","sk","kategorie_clankov","static","","Kategórie článkov","1","0"),
("75957","1","en","realitny_partneri","static","","Realit partners","1","0"),
("75958","1","sk","realitny_partneri","static","","Realitní partneri","1","0"),
("75959","1","en","nespravne_heslo","static","","Password is incorrect","1","0"),
("75960","1","sk","nespravne_heslo","static","","Heslo je nesprávne","1","0"),
("75961","1","sk","ustredie","static","","Ústredie","1","0"),
("75962","1","en","ustredie","static","","Headquarters","1","0"),
("75963","1","de","ustredie","static","","Zentrale","1","0"),
("75964","1","sk","dalsie_informacie","static","","Rýchla navigácia","1","0"),
("75965","1","en","dalsie_informacie","static",""," Quick navigation","1","0"),
("75966","1","de","dalsie_informacie","static","","Schnellnavigation","1","0"),
("75967","1","sk","technicka_podpora","static","","Technická podpora","1","0"),
("75968","1","en","technicka_podpora","static","","Technical support","1","0"),
("75969","1","de","technicka_podpora","static","","Technische Unterstützung","1","0"),
("75970","1","sk","systemove_poziadavky","static","","Systémové požiadavky","1","0"),
("75971","1","en","systemove_poziadavky","static","","System requirements","1","0"),
("75972","1","de","systemove_poziadavky","static","","Systemanforderungen","1","0"),
("75973","1","sk","3d_tlac","static","","3d tlač","1","0"),
("75974","1","en","3d_tlac","static","","3D printing","1","0"),
("75975","1","de","3d_tlac","static","","3D-Druck","1","0"),
("75976","1","sk","lisovanie_plastov","static","","Lisovanie plastov","1","0"),
("75977","1","en","lisovanie_plastov","static","","Molding","1","0"),
("75978","1","de","lisovanie_plastov","static","","Gießen","1","0"),
("75979","1","sk","nastrojaren","static","","Nástrojáreň","1","0"),
("75980","1","en","nastrojaren","static","","Toolroom","1","0"),
("75981","1","de","nastrojaren","static","","Werkzeug- und Vorrichtungsbau","1","0"),
("75982","1","sk","fakturacne_udaje","static","","Fakturačné údaje","1","0"),
("75983","1","en","fakturacne_udaje","static","","Billing information","1","0"),
("75984","1","de","fakturacne_udaje","static","","Abrechnungsinformationen","1","0"),
("75985","1","sk","poziadat_o_ponuku_solidcam","static","","Požiadať o ponuku Solidcam","1","0"),
("75986","1","en","poziadat_o_ponuku_solidcam","static","","Request quote Solidcam","1","0"),
("75987","1","de","poziadat_o_ponuku_solidcam","static","","Angebot anfordern Solidcam","1","0"),
("75988","1","sk","poziadat_o_prezentaciu_solidcam","static","","Požiadať o prezentáciu Solidcam","1","0"),
("75989","1","en","poziadat_o_prezentaciu_solidcam","static","","Request Solidcam Presentation","1","0"),
("75990","1","de","poziadat_o_prezentaciu_solidcam","static","","Anfrage Solidcam-Präsentation","1","0"),
("75991","1","sk","poziadat_o_ponuku_pdc","static","","Požiadať o ponuku PDC","1","0"),
("75992","1","en","poziadat_o_ponuku_pdc","static","","Request quote PDC","1","0"),
("75993","1","de","poziadat_o_ponuku_pdc","static","","Angebot anfordern PDC","1","0"),
("75994","1","sk","poziadat_o_prezentaciu_pdc","static","","Požiadať o prezentáciu PDC","1","0"),
("75995","1","en","poziadat_o_prezentaciu_pdc","static","","Request PDC Presentation","1","0"),
("75996","1","de","poziadat_o_prezentaciu_pdc","static","","Anfrage PDC-Präsentation","1","0"),
("75997","1","sk","poziadat_o_ponuku","static","","Požiadať o ponuku","1","0"),
("75998","1","en","poziadat_o_ponuku","static","","Request for Quotation","1","0"),
("75999","1","de","poziadat_o_ponuku","static","","Angebotsanfrage","1","0"),
("76000","1","sk","poziadat_o_prezentaciu","static","","Požiadať o prezentáciu","1","0"),
("76001","1","en","poziadat_o_prezentaciu","static","","Request a presentation","1","0"),
("76002","1","de","poziadat_o_prezentaciu","static","","Fordern Sie eine Präsentation","1","0"),
("76003","1","sk","skusobna_verzia","static","","Skúšobná verzia","1","0"),
("76004","1","en","skusobna_verzia","static","","Trial","1","0"),
("76005","1","de","skusobna_verzia","static","","Versuch","1","0"),
("76006","1","sk","firma","static","","Firma","1","0"),
("76007","1","en","firma","static","","Company","1","0"),
("76008","1","de","firma","static","","Unternehmen","1","0"),
("76009","1","sk","produkt","static","","Produkt","1","0"),
("76010","1","en","produkt","static","","Product","1","0"),
("76011","1","de","produkt","static","","Produkt","1","0"),
("76012","1","sk","dalsie_moznosti","static","","Viac z ponuky","1","0"),
("76013","1","en","dalsie_moznosti","static","","More of offer","1","0"),
("76014","1","de","dalsie_moznosti","static","","Mehr von Angebot","1","0"),
("76015","1","de","meno","static","","Name","1","0"),
("76019","1","de","priezvisko","static","","Nachname","1","0"),
("76020","1","de","predmet","static","","Thema","1","0"),
("76021","1","de","email","static","","Emaille","1","0"),
("76022","1","de","tel_c","static","","Telefonnummer","1","0"),
("76023","1","de","ulica","static","","Straße","1","0"),
("76024","1","de","psc","static","","Postleitzahl","1","0"),
("76025","1","de","mesto","static","","Stadt","1","0"),
("76026","1","de","sprava","static","","Management","1","0"),
("76027","1","de","odoslat","static","","Einreichen","1","0"),
("76028","1","de","heslo","static","","Kennwort","1","0"),
("76029","1","de","kontakt","static","","Kontakt","1","0"),
("76030","1","de","socialne_siete","static","","Soziales Netzwerk","1","0"),
("76031","1","sk","sidlo","static","","Sídlo.","1","0"),
("76032","1","en","sidlo","static","","Headquarters.","1","0"),
("76033","1","de","sidlo","static","","Hauptsitz.","1","0"),
("76034","1","sk","pobocka","static","","Pobočka.","1","0"),
("76035","1","en","pobocka","static","","Branch office.","1","0");
INSERT INTO dnt_translates VALUES
("76036","1","de","pobocka","static","","Zweigstelle.","1","0"),
("76037","1","en","13074","name","dnt_posts","","1","0"),
("76038","1","en","13074","name_url","dnt_posts","","1","0"),
("76039","1","en","13074","perex","dnt_posts","","1","0"),
("76040","1","en","13074","content","dnt_posts","","1","0"),
("76041","1","en","13074","tags","dnt_posts","","1","0"),
("76042","1","de","13074","name","dnt_posts","","1","0"),
("76043","1","de","13074","name_url","dnt_posts","","1","0"),
("76044","1","de","13074","perex","dnt_posts","","1","0"),
("76045","1","de","13074","content","dnt_posts","","1","0"),
("76046","1","de","13074","tags","dnt_posts","","1","0"),
("76047","1","en","13056","name","dnt_posts","Partners","1","0"),
("76048","1","en","13056","name_url","dnt_posts","partners","1","0"),
("76049","1","en","13056","perex","dnt_posts","","1","0"),
("76050","1","en","13056","content","dnt_posts","","1","0"),
("76051","1","en","13056","tags","dnt_posts","","1","0"),
("76052","1","de","13056","name","dnt_posts","Partner","1","0"),
("76053","1","de","13056","name_url","dnt_posts","partner","1","0"),
("76054","1","de","13056","perex","dnt_posts","","1","0"),
("76055","1","de","13056","content","dnt_posts","","1","0"),
("76056","1","de","13056","tags","dnt_posts","","1","0"),
("76057","1","en","13058","name","dnt_posts","Contact","1","0"),
("76058","1","en","13058","name_url","dnt_posts","contact","1","0"),
("76059","1","en","13058","perex","dnt_posts","","1","0"),
("76060","1","en","13058","content","dnt_posts","","1","0"),
("76061","1","en","13058","tags","dnt_posts","","1","0"),
("76062","1","de","13058","name","dnt_posts","Kontakt","1","0"),
("76063","1","de","13058","name_url","dnt_posts","kontakt","1","0"),
("76064","1","de","13058","perex","dnt_posts","","1","0"),
("76065","1","de","13058","content","dnt_posts","","1","0"),
("76066","1","de","13058","tags","dnt_posts","","1","0"),
("76077","1","en","13055","name","dnt_posts","Research and development","1","0"),
("76078","1","en","13055","name_url","dnt_posts","research-and-development","1","0"),
("76079","1","en","13055","perex","dnt_posts","","1","0"),
("76080","1","en","13055","content","dnt_posts","","1","0"),
("76081","1","en","13055","tags","dnt_posts","","1","0"),
("76082","1","de","13055","name","dnt_posts","Forschung und Entwicklung","1","0"),
("76083","1","de","13055","name_url","dnt_posts","forschung-und-entwicklung","1","0"),
("76084","1","de","13055","perex","dnt_posts","","1","0"),
("76085","1","de","13055","content","dnt_posts","","1","0"),
("76086","1","de","13055","tags","dnt_posts","","1","0"),
("76087","1","en","13054","name","dnt_posts","Products","1","0"),
("76088","1","en","13054","name_url","dnt_posts","","1","0"),
("76089","1","en","13054","perex","dnt_posts","","1","0"),
("76090","1","en","13054","content","dnt_posts","","1","0"),
("76091","1","en","13054","tags","dnt_posts","","1","0"),
("76092","1","de","13054","name","dnt_posts","Produkte","1","0"),
("76093","1","de","13054","name_url","dnt_posts","","1","0"),
("76094","1","de","13054","perex","dnt_posts","","1","0"),
("76095","1","de","13054","content","dnt_posts","","1","0"),
("76096","1","de","13054","tags","dnt_posts","","1","0"),
("76097","1","en","13059","name","dnt_posts","Staff","1","0"),
("76098","1","en","13059","name_url","dnt_posts","staff","1","0"),
("76099","1","en","13059","perex","dnt_posts","","1","0"),
("76100","1","en","13059","content","dnt_posts","","1","0"),
("76101","1","en","13059","tags","dnt_posts","","1","0"),
("76102","1","de","13059","name","dnt_posts","Personal","1","0"),
("76103","1","de","13059","name_url","dnt_posts","personal","1","0"),
("76104","1","de","13059","perex","dnt_posts","","1","0"),
("76105","1","de","13059","content","dnt_posts","","1","0"),
("76106","1","de","13059","tags","dnt_posts","","1","0"),
("76107","1","en","13060","name","dnt_posts","Software for planning of production","1","0"),
("76108","1","en","13060","name_url","dnt_posts","","1","0"),
("76109","1","en","13060","perex","dnt_posts","","1","0"),
("76110","1","en","13060","content","dnt_posts","","1","0"),
("76111","1","en","13060","tags","dnt_posts","","1","0"),
("76112","1","de","13060","name","dnt_posts","Software für die Planung der Produktion","1","0"),
("76113","1","de","13060","name_url","dnt_posts","","1","0"),
("76114","1","de","13060","perex","dnt_posts","","1","0"),
("76115","1","de","13060","content","dnt_posts","","1","0"),
("76116","1","de","13060","tags","dnt_posts","","1","0"),
("76117","1","en","13075","name","dnt_posts","Tooling & Molding","1","0"),
("76118","1","en","13075","name_url","dnt_posts","","1","0"),
("76119","1","en","13075","perex","dnt_posts","","1","0"),
("76120","1","en","13075","content","dnt_posts","","1","0"),
("76121","1","en","13075","tags","dnt_posts","","1","0"),
("76122","1","de","13075","name","dnt_posts","Werkzeug- und Vorrichtungsbau","1","0"),
("76123","1","de","13075","name_url","dnt_posts","","1","0"),
("76124","1","de","13075","perex","dnt_posts","","1","0"),
("76125","1","de","13075","content","dnt_posts","","1","0"),
("76126","1","de","13075","tags","dnt_posts","","1","0"),
("76127","1","en","13076","name","dnt_posts","Why choose CAM","1","0"),
("76128","1","en","13076","name_url","dnt_posts","why-choose-cam","1","0"),
("76129","1","en","13076","perex","dnt_posts","","1","0"),
("76130","1","en","13076","content","dnt_posts","","1","0"),
("76131","1","en","13076","tags","dnt_posts","","1","0"),
("76132","1","de","13076","name","dnt_posts","","1","0"),
("76133","1","de","13076","name_url","dnt_posts","","1","0"),
("76134","1","de","13076","perex","dnt_posts","","1","0"),
("76135","1","de","13076","content","dnt_posts","","1","0"),
("76136","1","de","13076","tags","dnt_posts","","1","0"),
("76137","1","en","13077","name","dnt_posts","Services","1","0"),
("76138","1","en","13077","name_url","dnt_posts","services","1","0"),
("76139","1","en","13077","perex","dnt_posts","","1","0"),
("76140","1","en","13077","content","dnt_posts","","1","0"),
("76141","1","en","13077","tags","dnt_posts","","1","0"),
("76142","1","de","13077","name","dnt_posts","Service","1","0"),
("76143","1","de","13077","name_url","dnt_posts","service","1","0"),
("76144","1","de","13077","perex","dnt_posts","","1","0"),
("76145","1","de","13077","content","dnt_posts","","1","0");
INSERT INTO dnt_translates VALUES
("76146","1","de","13077","tags","dnt_posts","","1","0"),
("76147","1","en","13078","name","dnt_posts","Why choose CAM","1","0"),
("76148","1","en","13078","name_url","dnt_posts","why-choose-cam","1","0"),
("76149","1","en","13078","perex","dnt_posts","","1","0"),
("76150","1","en","13078","content","dnt_posts","","1","0"),
("76151","1","en","13078","tags","dnt_posts","","1","0"),
("76152","1","de","13078","name","dnt_posts","","1","0"),
("76153","1","de","13078","name_url","dnt_posts","","1","0"),
("76154","1","de","13078","perex","dnt_posts","","1","0"),
("76155","1","de","13078","content","dnt_posts","","1","0"),
("76156","1","de","13078","tags","dnt_posts","","1","0"),
("76157","1","en","13079","name","dnt_posts","","1","0"),
("76158","1","en","13079","name_url","dnt_posts","","1","0"),
("76159","1","en","13079","perex","dnt_posts","","1","0"),
("76160","1","en","13079","content","dnt_posts","","1","0"),
("76161","1","en","13079","tags","dnt_posts","","1","0"),
("76162","1","de","13079","name","dnt_posts","","1","0"),
("76163","1","de","13079","name_url","dnt_posts","","1","0"),
("76164","1","de","13079","perex","dnt_posts","","1","0"),
("76165","1","de","13079","content","dnt_posts","","1","0"),
("76166","1","de","13079","tags","dnt_posts","","1","0"),
("76167","1","en","13080","name","dnt_posts","","1","0"),
("76168","1","en","13080","name_url","dnt_posts","","1","0"),
("76169","1","en","13080","perex","dnt_posts","","1","0"),
("76170","1","en","13080","content","dnt_posts","","1","0"),
("76171","1","en","13080","tags","dnt_posts","","1","0"),
("76172","1","de","13080","name","dnt_posts","","1","0"),
("76173","1","de","13080","name_url","dnt_posts","","1","0"),
("76174","1","de","13080","perex","dnt_posts","","1","0"),
("76175","1","de","13080","content","dnt_posts","","1","0"),
("76176","1","de","13080","tags","dnt_posts","","1","0"),
("76177","1","en","13081","name","dnt_posts","","1","0"),
("76178","1","en","13081","name_url","dnt_posts","","1","0"),
("76179","1","en","13081","perex","dnt_posts","","1","0"),
("76180","1","en","13081","content","dnt_posts","","1","0"),
("76181","1","en","13081","tags","dnt_posts","","1","0"),
("76182","1","de","13081","name","dnt_posts","","1","0"),
("76183","1","de","13081","name_url","dnt_posts","","1","0"),
("76184","1","de","13081","perex","dnt_posts","","1","0"),
("76185","1","de","13081","content","dnt_posts","","1","0"),
("76186","1","de","13081","tags","dnt_posts","","1","0"),
("76187","1","en","13082","name","dnt_posts","","1","0"),
("76188","1","en","13082","name_url","dnt_posts","","1","0"),
("76189","1","en","13082","perex","dnt_posts","","1","0"),
("76190","1","en","13082","content","dnt_posts","","1","0"),
("76191","1","en","13082","tags","dnt_posts","","1","0"),
("76192","1","de","13082","name","dnt_posts","","1","0"),
("76193","1","de","13082","name_url","dnt_posts","","1","0"),
("76194","1","de","13082","perex","dnt_posts","","1","0"),
("76195","1","de","13082","content","dnt_posts","","1","0"),
("76196","1","de","13082","tags","dnt_posts","","1","0"),
("76197","1","en","13083","name","dnt_posts","","1","0"),
("76198","1","en","13083","name_url","dnt_posts","","1","0"),
("76199","1","en","13083","perex","dnt_posts","","1","0"),
("76200","1","en","13083","content","dnt_posts","","1","0"),
("76201","1","en","13083","tags","dnt_posts","","1","0"),
("76202","1","de","13083","name","dnt_posts","","1","0"),
("76203","1","de","13083","name_url","dnt_posts","","1","0"),
("76204","1","de","13083","perex","dnt_posts","","1","0"),
("76205","1","de","13083","content","dnt_posts","","1","0"),
("76206","1","de","13083","tags","dnt_posts","","1","0"),
("76207","1","en","13084","name","dnt_posts","","1","0"),
("76208","1","en","13084","name_url","dnt_posts","","1","0"),
("76209","1","en","13084","perex","dnt_posts","","1","0"),
("76210","1","en","13084","content","dnt_posts","","1","0"),
("76211","1","en","13084","tags","dnt_posts","","1","0"),
("76212","1","de","13084","name","dnt_posts","","1","0"),
("76213","1","de","13084","name_url","dnt_posts","","1","0"),
("76214","1","de","13084","perex","dnt_posts","","1","0"),
("76215","1","de","13084","content","dnt_posts","","1","0"),
("76216","1","de","13084","tags","dnt_posts","","1","0"),
("76217","1","en","13085","name","dnt_posts","","1","0"),
("76218","1","en","13085","name_url","dnt_posts","","1","0"),
("76219","1","en","13085","perex","dnt_posts","","1","0"),
("76220","1","en","13085","content","dnt_posts","","1","0"),
("76221","1","en","13085","tags","dnt_posts","","1","0"),
("76222","1","de","13085","name","dnt_posts","","1","0"),
("76223","1","de","13085","name_url","dnt_posts","","1","0"),
("76224","1","de","13085","perex","dnt_posts","","1","0"),
("76225","1","de","13085","content","dnt_posts","","1","0"),
("76226","1","de","13085","tags","dnt_posts","","1","0"),
("76237","1","en","13086","name","dnt_posts","","1","0"),
("76238","1","en","13086","name_url","dnt_posts","","1","0"),
("76239","1","en","13086","perex","dnt_posts","","1","0"),
("76240","1","en","13086","content","dnt_posts","","1","0"),
("76241","1","en","13086","tags","dnt_posts","","1","0"),
("76242","1","de","13086","name","dnt_posts","","1","0"),
("76243","1","de","13086","name_url","dnt_posts","","1","0"),
("76244","1","de","13086","perex","dnt_posts","","1","0"),
("76245","1","de","13086","content","dnt_posts","","1","0"),
("76246","1","de","13086","tags","dnt_posts","","1","0"),
("76247","1","en","13087","name","dnt_posts","","1","0"),
("76248","1","en","13087","name_url","dnt_posts","","1","0"),
("76249","1","en","13087","perex","dnt_posts","","1","0"),
("76250","1","en","13087","content","dnt_posts","","1","0"),
("76251","1","en","13087","tags","dnt_posts","","1","0"),
("76252","1","de","13087","name","dnt_posts","","1","0"),
("76253","1","de","13087","name_url","dnt_posts","","1","0"),
("76254","1","de","13087","perex","dnt_posts","","1","0"),
("76255","1","de","13087","content","dnt_posts","","1","0");
INSERT INTO dnt_translates VALUES
("76256","1","de","13087","tags","dnt_posts","","1","0"),
("76257","1","en","13088","name","dnt_posts","","1","0"),
("76258","1","en","13088","name_url","dnt_posts","","1","0"),
("76259","1","en","13088","perex","dnt_posts","","1","0"),
("76260","1","en","13088","content","dnt_posts","","1","0"),
("76261","1","en","13088","tags","dnt_posts","","1","0"),
("76262","1","de","13088","name","dnt_posts","","1","0"),
("76263","1","de","13088","name_url","dnt_posts","","1","0"),
("76264","1","de","13088","perex","dnt_posts","","1","0"),
("76265","1","de","13088","content","dnt_posts","","1","0"),
("76266","1","de","13088","tags","dnt_posts","","1","0"),
("76267","1","en","13089","name","dnt_posts","","1","0"),
("76268","1","en","13089","name_url","dnt_posts","","1","0"),
("76269","1","en","13089","perex","dnt_posts","","1","0"),
("76270","1","en","13089","content","dnt_posts","","1","0"),
("76271","1","en","13089","tags","dnt_posts","","1","0"),
("76272","1","de","13089","name","dnt_posts","","1","0"),
("76273","1","de","13089","name_url","dnt_posts","","1","0"),
("76274","1","de","13089","perex","dnt_posts","","1","0"),
("76275","1","de","13089","content","dnt_posts","","1","0"),
("76276","1","de","13089","tags","dnt_posts","","1","0"),
("76277","1","en","13090","name","dnt_posts","","1","0"),
("76278","1","en","13090","name_url","dnt_posts","","1","0"),
("76279","1","en","13090","perex","dnt_posts","","1","0"),
("76280","1","en","13090","content","dnt_posts","","1","0"),
("76281","1","en","13090","tags","dnt_posts","","1","0"),
("76282","1","de","13090","name","dnt_posts","","1","0"),
("76283","1","de","13090","name_url","dnt_posts","","1","0"),
("76284","1","de","13090","perex","dnt_posts","","1","0"),
("76285","1","de","13090","content","dnt_posts","","1","0"),
("76286","1","de","13090","tags","dnt_posts","","1","0"),
("76287","1","en","13091","name","dnt_posts","","1","0"),
("76288","1","en","13091","name_url","dnt_posts","","1","0"),
("76289","1","en","13091","perex","dnt_posts","","1","0"),
("76290","1","en","13091","content","dnt_posts","","1","0"),
("76291","1","en","13091","tags","dnt_posts","","1","0"),
("76292","1","de","13091","name","dnt_posts","","1","0"),
("76293","1","de","13091","name_url","dnt_posts","","1","0"),
("76294","1","de","13091","perex","dnt_posts","","1","0"),
("76295","1","de","13091","content","dnt_posts","","1","0"),
("76296","1","de","13091","tags","dnt_posts","","1","0"),
("76297","1","en","13092","name","dnt_posts","","1","0"),
("76298","1","en","13092","name_url","dnt_posts","","1","0"),
("76299","1","en","13092","perex","dnt_posts","","1","0"),
("76300","1","en","13092","content","dnt_posts","","1","0"),
("76301","1","en","13092","tags","dnt_posts","","1","0"),
("76302","1","de","13092","name","dnt_posts","","1","0"),
("76303","1","de","13092","name_url","dnt_posts","","1","0"),
("76304","1","de","13092","perex","dnt_posts","","1","0"),
("76305","1","de","13092","content","dnt_posts","","1","0"),
("76306","1","de","13092","tags","dnt_posts","","1","0"),
("76307","1","en","13093","name","dnt_posts","Billing information","1","0"),
("76308","1","en","13093","name_url","dnt_posts","","1","0"),
("76309","1","en","13093","perex","dnt_posts","","1","0"),
("76310","1","en","13093","content","dnt_posts","","1","0"),
("76311","1","en","13093","tags","dnt_posts","","1","0"),
("76312","1","de","13093","name","dnt_posts","Abrechnungsinformationen","1","0"),
("76313","1","de","13093","name_url","dnt_posts","","1","0"),
("76314","1","de","13093","perex","dnt_posts","","1","0"),
("76315","1","de","13093","content","dnt_posts","","1","0"),
("76316","1","de","13093","tags","dnt_posts","","1","0"),
("76317","1","en","13094","name","dnt_posts","Free production capacities","1","0"),
("76318","1","en","13094","name_url","dnt_posts","","1","0"),
("76319","1","en","13094","perex","dnt_posts","","1","0"),
("76320","1","en","13094","content","dnt_posts","<p>Free production capacities for continuouse 5 axis milling</p>\n","1","0"),
("76321","1","en","13094","tags","dnt_posts","","1","0"),
("76322","1","de","13094","name","dnt_posts","","1","0"),
("76323","1","de","13094","name_url","dnt_posts","","1","0"),
("76324","1","de","13094","perex","dnt_posts","","1","0"),
("76325","1","de","13094","content","dnt_posts","","1","0"),
("76326","1","de","13094","tags","dnt_posts","","1","0"),
("77613","1","en","13289","name","dnt_posts","Home","1","0"),
("77614","1","en","13289","name_url","dnt_posts","home","1","0"),
("77615","1","en","13289","perex","dnt_posts","","1","0"),
("77616","1","en","13289","content","dnt_posts","","1","0"),
("77617","1","en","13289","tags","dnt_posts","","1","0"),
("77618","1","de","13289","name","dnt_posts","Home","1","0"),
("77619","1","de","13289","name_url","dnt_posts","home","1","0"),
("77620","1","de","13289","perex","dnt_posts","","1","0"),
("77621","1","de","13289","content","dnt_posts","","1","0"),
("77622","1","de","13289","tags","dnt_posts","","1","0"),
("77623","1","en","13349","name","dnt_posts","About us","1","0"),
("77624","1","en","13349","name_url","dnt_posts","about-us","1","0"),
("77625","1","en","13349","perex","dnt_posts","","1","0"),
("77626","1","en","13349","content","dnt_posts","","1","0"),
("77627","1","en","13349","tags","dnt_posts","","1","0"),
("77628","1","de","13349","name","dnt_posts","über uns","1","0"),
("77629","1","de","13349","name_url","dnt_posts","uber-uns","1","0"),
("77630","1","de","13349","perex","dnt_posts","","1","0"),
("77631","1","de","13349","content","dnt_posts","","1","0"),
("77632","1","de","13349","tags","dnt_posts","","1","0"),
("77643","1","en","13350","name","dnt_posts","","1","0"),
("77644","1","en","13350","name_url","dnt_posts","","1","0"),
("77645","1","en","13350","perex","dnt_posts","","1","0"),
("77646","1","en","13350","content","dnt_posts","","1","0"),
("77647","1","en","13350","tags","dnt_posts","","1","0"),
("77648","1","de","13350","name","dnt_posts","","1","0"),
("77649","1","de","13350","name_url","dnt_posts","","1","0"),
("77650","1","de","13350","perex","dnt_posts","","1","0"),
("77651","1","de","13350","content","dnt_posts","","1","0");
INSERT INTO dnt_translates VALUES
("77652","1","de","13350","tags","dnt_posts","","1","0"),
("77663","1","en","13351","name","dnt_posts","","1","0"),
("77664","1","en","13351","name_url","dnt_posts","","1","0"),
("77665","1","en","13351","perex","dnt_posts","","1","0"),
("77666","1","en","13351","content","dnt_posts","","1","0"),
("77667","1","en","13351","tags","dnt_posts","","1","0"),
("77668","1","de","13351","name","dnt_posts","","1","0"),
("77669","1","de","13351","name_url","dnt_posts","","1","0"),
("77670","1","de","13351","perex","dnt_posts","","1","0"),
("77671","1","de","13351","content","dnt_posts","","1","0"),
("77672","1","de","13351","tags","dnt_posts","","1","0"),
("77673","1","en","13352","name","dnt_posts","","1","0"),
("77674","1","en","13352","name_url","dnt_posts","","1","0"),
("77675","1","en","13352","perex","dnt_posts","","1","0"),
("77676","1","en","13352","content","dnt_posts","","1","0"),
("77677","1","en","13352","tags","dnt_posts","","1","0"),
("77678","1","de","13352","name","dnt_posts","","1","0"),
("77679","1","de","13352","name_url","dnt_posts","","1","0"),
("77680","1","de","13352","perex","dnt_posts","","1","0"),
("77681","1","de","13352","content","dnt_posts","","1","0"),
("77682","1","de","13352","tags","dnt_posts","","1","0"),
("77683","1","en","13353","name","dnt_posts","Default text","1","0"),
("77684","1","en","13353","name_url","dnt_posts","","1","0"),
("77685","1","en","13353","perex","dnt_posts","<p>Default text</p>\n","1","0"),
("77686","1","en","13353","content","dnt_posts","<p>Default text</p>\n","1","0"),
("77687","1","en","13353","tags","dnt_posts","","1","0"),
("77688","1","de","13353","name","dnt_posts","","1","0"),
("77689","1","de","13353","name_url","dnt_posts","","1","0"),
("77690","1","de","13353","perex","dnt_posts","","1","0"),
("77691","1","de","13353","content","dnt_posts","","1","0"),
("77692","1","de","13353","tags","dnt_posts","","1","0"),
("77693","1","en","13354","name","dnt_posts","Polls","1","0"),
("77694","1","en","13354","name_url","dnt_posts","polls","1","0"),
("77695","1","en","13354","perex","dnt_posts","","1","0"),
("77696","1","en","13354","content","dnt_posts","","1","0"),
("77697","1","en","13354","tags","dnt_posts","","1","0"),
("77698","1","de","13354","name","dnt_posts","Polls","1","0"),
("77699","1","de","13354","name_url","dnt_posts","polls","1","0"),
("77700","1","de","13354","perex","dnt_posts","","1","0"),
("77701","1","de","13354","content","dnt_posts","","1","0"),
("77702","1","de","13354","tags","dnt_posts","","1","0");




CREATE TABLE `dnt_uploads` (
  `id` int(11) NOT NULL AUTO_INCREMENT,
  `vendor_id` int(11) NOT NULL,
  `name` varchar(300) CHARACTER SET utf8 NOT NULL,
  `datetime` timestamp NOT NULL DEFAULT CURRENT_TIMESTAMP ON UPDATE CURRENT_TIMESTAMP,
  `type` varchar(300) CHARACTER SET utf8 NOT NULL,
  `show` int(11) NOT NULL DEFAULT '1',
  `parent_id` int(11) NOT NULL DEFAULT '0',
  PRIMARY KEY (`id`)
) ENGINE=MyISAM AUTO_INCREMENT=746 DEFAULT CHARSET=utf8 COLLATE=utf8_czech_ci;


INSERT INTO dnt_uploads VALUES
("671","1","dnt3.png","2017-03-07 22:47:11","image/png","1","0"),
("731","1","logo.png","2017-04-06 10:44:09","image/png","1","0"),
("732","1","tomandjarry.png","2017-04-06 10:49:21","image/png","1","0"),
("733","1","logo-1.png","2017-04-06 10:51:16","image/png","1","0"),
("734","1","29-awesome-black-themed-abstract-wallpapers-1dut.com-28-1024x576.jpg","2017-04-06 10:54:15","image/jpeg","1","0"),
("735","1","abstract-1011_4.jpg","2017-04-06 10:54:43","image/jpeg","1","0"),
("736","1","abstract-1011_4_1.jpg","2017-04-06 10:54:44","image/jpeg","1","0"),
("737","1","logo-1.jpg","2017-04-06 10:55:08","image/jpeg","1","0"),
("738","1","f83920aff7155a9eccf31262549f6d3b.jpg","2017-04-08 09:16:58","image/jpeg","1","0"),
("739","1","dnt3-oop.jpg","2017-04-09 08:50:33","image/jpeg","1","0"),
("740","1","x1B8.janka_hospodarova_zlatica_puskarova_patrik_herman_jan_tribula_alebo_peter_varinsky.jpg","2017-04-09 09:02:05","image/jpeg","1","0"),
("741","1","7mUF.zlatica_puskarova.jpg","2017-04-09 09:02:05","image/jpeg","1","0"),
("742","1","dqNx.jan_tribula.jpg","2017-04-09 09:02:05","image/jpeg","1","0"),
("743","1","bq3q.peter_varinsky.jpg","2017-04-09 09:02:05","image/jpeg","1","0"),
("744","1","ZpjH.patrik_herman_tabor.jpg","2017-04-09 09:02:06","image/jpeg","1","0"),
("745","1","3qHu.janka_hospodarova.jpg","2017-04-09 09:02:06","image/jpeg","1","0");




CREATE TABLE `dnt_users` (
  `id` int(11) NOT NULL AUTO_INCREMENT,
  `vendor_id` int(11) NOT NULL,
  `session_id` varchar(300) NOT NULL,
  `type` varchar(100) NOT NULL,
  `name` varchar(300) NOT NULL,
  `surname` varchar(300) NOT NULL,
  `login` varchar(300) NOT NULL,
  `ulica` varchar(300) NOT NULL,
  `c_domu` varchar(300) NOT NULL,
  `mesto` varchar(300) NOT NULL,
  `okres` int(11) NOT NULL,
  `krajina` varchar(300) NOT NULL,
  `psc` varchar(100) NOT NULL,
  `pass` varchar(300) NOT NULL,
  `email` varchar(300) NOT NULL,
  `name_url` varchar(300) NOT NULL,
  `tel_c` varchar(300) NOT NULL,
  `custom_1` varchar(300) NOT NULL,
  `hladam` int(11) NOT NULL,
  `sex` int(11) NOT NULL,
  `vaha` int(11) NOT NULL,
  `vyska` int(11) NOT NULL,
  `datetime_creat` datetime NOT NULL,
  `datetime_update` datetime NOT NULL,
  `datetime_publish` datetime NOT NULL,
  `podmienky` varchar(300) NOT NULL,
  `news` varchar(300) NOT NULL,
  `news_2` varchar(300) NOT NULL DEFAULT '0',
  `perex` varchar(300) NOT NULL,
  `content` text NOT NULL,
  `img` varchar(300) NOT NULL,
  `status` int(11) NOT NULL,
  `kliknute` int(11) NOT NULL DEFAULT '0',
  `ip_adresa` varchar(300) NOT NULL,
  `parent_id` int(11) NOT NULL,
  PRIMARY KEY (`id`)
) ENGINE=MyISAM AUTO_INCREMENT=21 DEFAULT CHARSET=utf8;


INSERT INTO dnt_users VALUES
("14","1","","admin","Tomáš","Doubek","osmos","","","","0","","","b69a84481c97f320c80020b01d5620b5","thomas.doubek@gmail.com","","","","0","0","0","0","0000-00-00 00:00:00","0000-00-00 00:00:00","0000-00-00 00:00:00","","","0","","","738","1","0","","0"),
("20","1","","admin","Admin","Root","skeleton","","","","0","","","21232f297a57a5a743894a0e4a801fc3","admin@root.sk","","","","0","0","0","0","0000-00-00 00:00:00","0000-00-00 00:00:00","0000-00-00 00:00:00","","","0","","","738","1","0","","0");




CREATE TABLE `dnt_vendors` (
  `id` int(11) NOT NULL AUTO_INCREMENT,
  `name` varchar(300) NOT NULL,
  `name_url` varchar(300) NOT NULL,
  `layout` varchar(300) NOT NULL,
  `is_default` int(11) NOT NULL,
  PRIMARY KEY (`id`)
) ENGINE=InnoDB AUTO_INCREMENT=11 DEFAULT CHARSET=utf8;




